,date,open,high,low,close,adjClose,volume,unadjustedVolume,change,changePercent,vwap,label,changeOverTime,rsi
0,2022-04-08,167.54,173.62,167.37,170.26,170.26,886206.0,886206.0,2.72,1.623,170.41667,"April 08, 22",0.01623,47.02480186988813
1,2022-04-07,167.51,170.0322,161.37,169.11,169.11,1505572.0,1505572.0,1.6,0.955,166.8374,"April 07, 22",0.00955,46.87563278948262
2,2022-04-06,175.75,176.445,162.28,166.65,166.65,2275843.0,2275843.0,-9.1,-5.178,168.45833,"April 06, 22",-0.05178,46.56017986870473
3,2022-04-05,183.66,185.69,180.06,180.82,180.82,1878969.0,1878969.0,-2.84,-1.546,182.19,"April 05, 22",-0.01546,48.17499680724395
4,2022-04-04,181.14,186.24,180.72,186.24,186.24,2350714.0,2350714.0,5.1,2.816,184.4,"April 04, 22",0.02816,48.80955137519
5,2022-04-01,169.5,179.7,167.2,178.78,178.78,2411079.0,2411079.0,9.28,5.475,175.22667,"April 01, 22",0.05475,47.88360190030115
6,2022-03-31,173.0,174.56,168.6906,170.56,170.56,1824555.0,1824555.0,-2.44,-1.41,171.2702,"March 31, 22",-0.0141,46.84535987983138
7,2022-03-30,184.6,189.074,174.09,174.78,174.78,4050287.0,4050287.0,-9.82,-5.32,179.31467,"March 30, 22",-0.0532,47.319637163793445
8,2022-03-29,169.4,175.4611,166.56,172.39,172.39,2110874.0,2110874.0,2.99,1.765,171.47037,"March 29, 22",0.01765,47.02194094860085
9,2022-03-28,164.45,168.4499,159.815,166.35,166.35,1458260.0,1458260.0,1.9,1.155,164.87163,"March 28, 22",0.01155,46.26996000868578
10,2022-03-25,169.2,170.84,159.58,161.1,161.1,1527637.0,1527637.0,-8.1,-4.787,163.84,"March 25, 22",-0.04787,45.61236362601076
11,2022-03-24,166.7,172.1,164.72,170.41,170.41,1365407.0,1365407.0,3.71,2.226,169.07667,"March 24, 22",0.02226,46.60360219373708
12,2022-03-23,171.72,172.63,165.04,166.33,166.33,1198610.0,1198610.0,-5.39,-3.139,168.0,"March 23, 22",-0.03139,46.100545957068135
13,2022-03-22,169.38,174.9,164.0,174.63,174.63,1711177.0,1711177.0,5.25,3.1,171.17667,"March 22, 22",0.031,46.98299426332657
14,2022-03-21,175.17,178.5,169.25,170.12,170.12,1518018.0,1518018.0,-5.05,-2.883,172.62333,"March 21, 22",-0.02883,46.43701963090903
15,2022-03-18,165.75,179.84,165.43,174.46,174.46,2871096.0,2871096.0,8.71,5.255,173.24333,"March 18, 22",0.05255,46.892426141072384
16,2022-03-17,164.34,166.5,160.34,165.0,165.0,1578792.0,1578792.0,0.66,0.402,163.94667,"March 17, 22",0.00402,45.75607250613168
17,2022-03-16,147.4,164.43,147.4,163.92,163.92,3033424.0,3033424.0,16.52,11.208,158.58333,"March 16, 22",0.11208,45.625903438949415
18,2022-03-15,153.25,155.57,141.06,145.04,145.04,2564554.0,2564554.0,-8.21,-5.357,147.22333,"March 15, 22",-0.05357,43.29467507041996
19,2022-03-14,139.35,160.3,138.93,151.92,151.92,3908061.0,3908061.0,12.57,9.02,150.38333,"March 14, 22",0.0902,43.96786981094848
20,2022-03-11,143.25,145.25,135.61,135.64,135.64,1072655.0,1072655.0,-7.61,-5.312,138.83333,"March 11, 22",-0.05312,41.8719031425062
21,2022-03-10,139.42,139.68,134.55,137.27,137.27,799598.0,799598.0,-2.15,-1.542,137.16667,"March 10, 22",-0.01542,42.02615349329014
22,2022-03-09,135.32,144.1275,134.26,140.21,140.21,1517357.0,1517357.0,4.89,3.614,139.5325,"March 09, 22",0.03614,42.301605609471146
23,2022-03-08,123.9,133.67,121.32,128.16,128.16,1617145.0,1617145.0,4.26,3.438,127.71667,"March 08, 22",0.03438,40.74154088283154
24,2022-03-07,133.18,136.61,124.56,126.25,126.25,1674924.0,1674924.0,-6.93,-5.203,129.14,"March 07, 22",-0.05203,40.49160447339946
25,2022-03-04,137.09,139.525,134.52,136.26,136.26,1653778.0,1653778.0,-0.83,-0.605,136.76833,"March 04, 22",-0.00605,41.388170308560895
26,2022-03-03,147.56,147.56,139.8,142.26,142.26,960218.0,960218.0,-5.3,-3.592,143.20667,"March 03, 22",-0.03592,41.93357941274977
27,2022-03-02,145.0,148.0,140.5,146.95,146.95,1034298.0,1034298.0,1.95,1.345,145.15,"March 02, 22",0.01345,42.36120345375208
28,2022-03-01,150.27,153.88,146.13,146.73,146.73,929951.0,929951.0,-3.54,-2.356,148.91333,"March 01, 22",-0.02356,42.3341704293674
29,2022-02-28,147.05,152.44,146.58,150.81,150.81,1381029.0,1381029.0,3.76,2.557,149.94333,"February 28, 22",0.02557,42.69812915538579
30,2022-02-25,157.11,157.97,149.63,150.62,150.62,1229298.0,1229298.0,-6.49,-4.131,152.74,"February 25, 22",-0.04131,42.67563758243537
31,2022-02-24,140.15,154.38,138.5664,154.06,154.06,2106207.0,2106207.0,13.91,9.925,149.00213,"February 24, 22",0.09925,42.97493097741364
32,2022-02-23,152.33,152.44,140.97,141.16,141.16,1509445.0,1509445.0,-11.17,-7.333,144.85667,"February 23, 22",-0.07333,41.46630922042921
33,2022-02-22,149.49,153.97,146.85,149.89,149.89,1492226.0,1492226.0,0.4,0.268,150.23667,"February 22, 22",0.00268,42.2068484694985
34,2022-02-18,156.95,159.3,151.6,156.94,156.94,1016333.0,1016333.0,-0.01,-0.006,155.94667,"February 18, 22",-6e-05,42.811936441937554
35,2022-02-17,163.426,167.0,157.09,157.36,157.36,879592.0,879592.0,-6.066,-3.712,160.48333,"February 17, 22",-0.03712,42.84779975191776
36,2022-02-16,161.93,168.28,158.31,165.49,165.49,1088417.0,1088417.0,3.56,2.198,164.02667,"February 16, 22",0.02198,43.53969154116261
37,2022-02-15,155.85,164.76,155.72,163.44,163.44,1214606.0,1214606.0,7.59,4.87,161.30667,"February 15, 22",0.0487,43.31349878383209
38,2022-02-14,163.67,165.79,153.76,154.53,154.53,3229737.0,3229737.0,-9.14,-5.584,158.02667,"February 14, 22",-0.05584,42.32939736819433
39,2022-02-11,167.93,174.2,167.78,170.95,170.95,1439926.0,1439926.0,3.02,1.798,170.97667,"February 11, 22",0.01798,43.69951659680676
40,2022-02-10,165.04,175.8,163.8803,167.54,167.54,1205620.0,1205620.0,2.5,1.515,169.07343,"February 10, 22",0.01515,43.32617524070591
41,2022-02-09,162.9,173.87,160.91,173.33,173.33,1873361.0,1873361.0,10.43,6.403,169.37,"February 09, 22",0.06403,43.80958270690212
42,2022-02-08,162.35,165.8086,156.25,159.6,159.6,3092005.0,3092005.0,-2.75,-1.694,160.55287,"February 08, 22",-0.01694,42.31385489510989
43,2022-02-07,175.59,176.875,171.12,172.81,172.81,1484534.0,1484534.0,-2.78,-1.583,173.60167,"February 07, 22",-0.01583,43.40321268861323
44,2022-02-04,175.77,177.36,172.35,176.57,176.57,880692.0,880692.0,0.8,0.455,175.42667,"February 04, 22",0.00455,43.71715579755953
45,2022-02-03,172.349,179.1267,171.2567,175.02,175.02,1405390.0,1405390.0,2.671,1.55,175.13447,"February 03, 22",0.0155,43.55220821163434
46,2022-02-02,181.0,184.13,175.22,180.15,180.15,1823487.0,1823487.0,-0.85,-0.47,179.83333,"February 02, 22",-0.0047,43.9701731446381
47,2022-02-01,182.18,183.61,174.16,179.6,179.6,1933418.0,1933418.0,-2.58,-1.416,179.12333,"February 01, 22",-0.01416,43.91361977608435
48,2022-01-31,166.0,172.66,162.51,172.08,172.08,1860290.0,1860290.0,6.08,3.663,169.08333,"January 31, 22",0.03663,43.14468142481863
49,2022-01-28,154.0,162.23,150.59,162.22,162.22,1426584.0,1426584.0,8.22,5.338,158.34667,"January 28, 22",0.05338,42.12512963452394
50,2022-01-27,161.93,164.35,152.885,154.54,154.54,2479477.0,2479477.0,-7.39,-4.564,157.25833,"January 27, 22",-0.04564,41.32192832418014
51,2022-01-26,163.53,167.68,159.1,160.7,160.7,2661973.0,2661973.0,-2.83,-1.731,162.49333,"January 26, 22",-0.01731,41.77767574515829
52,2022-01-25,157.485,166.5,152.5578,156.49,156.49,4071019.0,4071019.0,-0.995,-0.632,158.51593,"January 25, 22",-0.00632,41.34438371459344
53,2022-01-24,141.99,151.99,135.13,150.98,150.98,5816511.0,5816511.0,8.99,6.331,146.03333,"January 24, 22",0.06331,40.77910621514595
54,2022-01-21,153.85,154.87,145.84,147.5,147.5,4395854.0,4395854.0,-6.35,-4.127,149.40333,"January 21, 22",-0.04127,40.423737598907294
55,2022-01-20,166.41,166.79,155.73,156.53,156.53,3277701.0,3277701.0,-9.88,-5.937,159.68333,"January 20, 22",-0.05937,41.05013988934408
56,2022-01-19,171.64,175.72,160.6,161.66,161.66,3528521.0,3528521.0,-9.98,-5.814,165.99333,"January 19, 22",-0.05814,41.40737178417856
57,2022-01-18,183.27,183.27,168.07,169.23,169.23,4748281.0,4748281.0,-14.04,-7.661,173.52333,"January 18, 22",-0.07661,41.93510928365629
58,2022-01-14,195.56,206.24,194.61,196.0,196.0,2863839.0,2863839.0,0.44,0.225,198.95,"January 14, 22",0.00225,43.87293887585128
59,2022-01-13,217.09,220.2,202.86,202.99,202.99,2252811.0,2252811.0,-14.1,-6.495,208.68333,"January 13, 22",-0.06495,44.39793421538522
60,2022-01-12,216.78,221.575,213.7401,220.87,220.87,1806807.0,1806807.0,4.09,1.887,218.72837,"January 12, 22",0.01887,45.77091588238625
61,2022-01-11,222.93,224.23,213.02,215.8,215.8,2614332.0,2614332.0,-7.13,-3.198,217.68333,"January 11, 22",-0.03198,45.30086054388163
62,2022-01-10,204.45,230.34,201.55,230.0,230.0,3737708.0,3737708.0,25.55,12.497,220.63,"January 10, 22",0.12497,46.4049063206153
63,2022-01-07,213.7,217.73,209.27,211.84,211.84,1201388.0,1201388.0,-1.86,-0.87,212.94667,"January 07, 22",-0.0087,44.71628838791148
64,2022-01-06,214.48,217.47,198.0,214.74,214.74,2753842.0,2753842.0,0.26,0.121,210.07,"January 06, 22",0.00121,44.9378665943879
65,2022-01-05,230.47,230.59,211.03,211.43,211.43,3083233.0,3083233.0,-19.04,-8.261,217.68333,"January 05, 22",-0.08261,44.63097553401643
66,2022-01-04,231.81,233.39,220.0,224.09,224.09,3377289.0,3377289.0,-7.72,-3.33,225.82667,"January 04, 22",-0.0333,45.58326374590962
67,2022-01-03,253.87,256.14,231.5,231.85,231.85,3735861.0,3735861.0,-22.02,-8.674,239.83,"January  03, 22",-0.08674,46.17508950789587
68,2021-12-31,253.56,263.9499,251.512,257.8,257.8,1148059.0,1148059.0,4.24,1.672,257.75397,"December 31, 21",0.01672,48.22710856637725
69,2021-12-30,239.02,258.695,238.06,256.81,256.81,2341455.0,2341455.0,17.79,7.443,251.18833,"December 30, 21",0.07443,48.1409453012096
70,2021-12-29,235.12,244.3,231.73,240.61,240.61,2706885.0,2706885.0,5.49,2.335,238.88,"December 29, 21",0.02335,46.718949202559294
71,2021-12-28,250.35,256.4854,238.31,241.4,241.4,2555180.0,2555180.0,-8.95,-3.575,245.39847,"December 28, 21",-0.03575,46.780251183769685
72,2021-12-27,253.24,259.9,250.23,254.84,254.84,1515648.0,1515648.0,1.6,0.632,254.99,"December 27, 21",0.00632,47.82653280189642
73,2021-12-23,258.33,259.5199,250.05,255.29,255.29,2604661.0,2604661.0,-3.04,-1.177,254.9533,"December 23, 21",-0.01177,47.86165754056292
74,2021-12-22,273.45,274.5493,255.54,259.7,259.7,3092404.0,3092404.0,-13.75,-5.028,263.2631,"December 22, 21",-0.05028,48.20164130790474
75,2021-12-21,275.4,281.98,266.7,271.46,271.46,2768857.0,2768857.0,-3.94,-1.431,273.38,"December 21, 21",-0.01431,49.11336864754848
76,2021-12-20,299.41,302.34,275.0,275.23,275.23,2669643.0,2669643.0,-24.18,-8.076,284.19,"December 20, 21",-0.08076,49.40696552805175
77,2021-12-17,279.6,287.93,271.68,287.28,287.28,2499518.0,2499518.0,7.68,2.747,282.29667,"December 17, 21",0.02747,50.349768547325965
78,2021-12-16,288.273,289.3,277.0,283.68,283.68,2082995.0,2082995.0,-4.593,-1.593,283.32667,"December 16, 21",-0.01593,50.07081700137387
79,2021-12-15,271.78,289.7,271.51,287.05,287.05,2795403.0,2795403.0,15.27,5.619,282.75333,"December 15, 21",0.05619,50.33022889057792
80,2021-12-14,272.0,277.8999,261.01,276.77,276.77,2172586.0,2172586.0,4.77,1.754,271.8933,"December 14, 21",0.01754,49.548842901955126
81,2021-12-13,267.1417,287.0,264.2,278.22,278.22,4000265.0,4000265.0,11.0783,4.147,276.47333,"December 13, 21",0.04147,49.6568254013017
82,2021-12-10,268.72,271.55,252.89,257.68,257.68,5060088.0,5060088.0,-11.04,-4.108,260.70667,"December 10, 21",-0.04108,48.08624261134828
83,2021-12-09,298.0595,299.0,283.379,284.21,284.21,1980031.0,1980031.0,-13.8495,-4.647,288.863,"December 09, 21",-0.04647,50.06322094590936
84,2021-12-08,308.65,312.89,287.47,291.94,291.94,3983575.0,3983575.0,-16.71,-5.414,297.43333,"December 08, 21",-0.05414,50.65791929668551
85,2021-12-07,287.72,302.69,284.54,302.69,302.69,3461077.0,3461077.0,14.97,5.203,296.64,"December 07, 21",0.05203,51.491540744074605
86,2021-12-06,317.57,321.86,276.45,279.83,279.83,6780211.0,6780211.0,-37.74,-11.884,292.71333,"December 06, 21",-0.11884,49.76892734207564
87,2021-12-03,338.0,346.1,328.02,344.06,344.06,3325910.0,3325910.0,6.06,1.793,339.39333,"December 03, 21",0.01793,55.16285129156359
88,2021-12-02,311.0,334.89,307.06,333.49,333.49,4120322.0,4120322.0,22.49,7.232,325.14667,"December 02, 21",0.07232,54.36521353745037
89,2021-12-01,335.65,346.8,330.66,334.48,334.48,3705215.0,3705215.0,-1.17,-0.349,337.31333,"December 01, 21",-0.00349,54.45413054248272
90,2021-11-30,335.5967,359.13,327.13,351.74,351.74,4720176.0,4720176.0,16.1433,4.81,346.0,"November 30, 21",0.0481,56.01956590259428
91,2021-11-29,369.5,374.577,346.91,362.52,362.52,6047581.0,6047581.0,-6.98,-1.889,361.33567,"November 29, 21",-0.01889,57.02292842048074
92,2021-11-26,337.43,372.3199,335.41,348.0,348.0,11030051.0,11030051.0,10.57,3.133,351.90997,"November 26, 21",0.03133,55.98224176410893
93,2021-11-24,295.0,306.82,291.85,304.76,304.76,2393540.0,2393540.0,9.76,3.308,301.14333,"November 24, 21",0.03308,52.635010192707696
94,2021-11-23,308.2,311.61,291.59,308.84,308.84,4342622.0,4342622.0,0.64,0.208,304.01333,"November 23, 21",0.00208,53.00774307309808
95,2021-11-22,298.0,322.2,292.53,321.71,321.71,5625555.0,5625555.0,23.71,7.956,312.14667,"November 22, 21",0.07956,54.19411142715082
96,2021-11-19,277.68,290.01,275.181,289.75,289.75,4142918.0,4142918.0,12.07,4.347,284.98033,"November 19, 21",0.04347,51.55547700666052
97,2021-11-18,277.2757,281.05,265.56,274.06,274.06,2637416.0,2637416.0,-3.2157,-1.16,273.55667,"November 18, 21",-0.0116,50.17461322610761
98,2021-11-17,263.64,272.1485,259.6,272.0,272.0,2897272.0,2897272.0,8.36,3.171,267.91617,"November 17, 21",0.03171,49.99120326788562
99,2021-11-16,247.0404,262.38,244.06,258.05,258.05,3280237.0,3280237.0,11.0096,4.457,254.83,"November 16, 21",0.04457,48.73894816661866
100,2021-11-15,241.72,250.88,239.48,250.48,250.48,2629500.0,2629500.0,8.76,3.624,246.94667,"November 15, 21",0.03624,48.04711105555484
101,2021-11-12,233.5,238.33,231.73,238.14,238.14,1734766.0,1734766.0,4.64,1.987,236.06667,"November 12, 21",0.01987,46.90229032362561
102,2021-11-11,237.44,239.79,228.4735,235.89,235.89,2211733.0,2211733.0,-1.55,-0.653,234.71783,"November 11, 21",-0.00653,46.69239129996053
103,2021-11-10,233.16,244.74,229.65,235.4,235.4,4009625.0,4009625.0,2.24,0.961,236.59667,"November 10, 21",0.00961,46.64737912213168
104,2021-11-09,251.66,253.0,223.57,226.37,226.37,5519698.0,5519698.0,-25.29,-10.049,234.31333,"November 09, 21",-0.10049,45.82117346339454
105,2021-11-08,232.18,243.08,228.62,242.6,242.6,4834410.0,4834410.0,10.42,4.488,238.1,"November 08, 21",0.04488,47.10606381518268
106,2021-11-05,240.47,246.0,207.51,216.64,216.64,11685364.0,11685364.0,-23.83,-9.91,223.38333,"November 05, 21",-0.0991,44.67419673972952
107,2021-11-04,283.78,285.306,263.63,273.94,273.94,5056029.0,5056029.0,-9.84,-3.467,274.292,"November 04, 21",-0.03467,49.6077457648109
108,2021-11-03,293.53,296.95,282.78,295.41,295.41,2416885.0,2416885.0,1.88,0.64,291.71333,"November 03, 21",0.0064,51.704434623499736
109,2021-11-02,282.08,290.79,276.37,289.48,289.48,2469948.0,2469948.0,7.4,2.623,285.54667,"November 02, 21",0.02623,51.14553022998311
110,2021-11-01,282.0,282.9,269.235,274.32,274.32,1807125.0,1807125.0,-7.68,-2.723,275.485,"November 01, 21",-0.02723,49.68677298537498
111,2021-10-29,283.75,284.85,273.0,278.73,278.73,1467721.0,1467721.0,-5.02,-1.769,278.86,"October 29, 21",-0.01769,50.11335016912422
112,2021-10-28,282.5,288.71,277.44,283.98,283.98,1478984.0,1478984.0,1.48,0.524,283.37667,"October 28, 21",0.00524,50.62037470534384
113,2021-10-27,294.54,297.88,277.84,278.77,278.77,1923086.0,1923086.0,-15.77,-5.354,284.83,"October 27, 21",-0.05354,50.12966765550629
114,2021-10-26,295.51,304.35,290.76,292.39,292.39,2275884.0,2275884.0,-3.12,-1.056,295.83333,"October 26, 21",-0.01056,51.43925551925359
115,2021-10-25,278.677,295.51,278.677,294.92,294.92,2868525.0,2868525.0,16.243,5.829,289.70233,"October 25, 21",0.05829,51.68505120539768
116,2021-10-22,294.78,295.815,268.05,278.34,278.34,3560514.0,3560514.0,-16.44,-5.577,280.735,"October 22, 21",-0.05577,50.15541684302001
117,2021-10-21,276.6,286.799,275.03,286.36,286.36,2581679.0,2581679.0,9.76,3.529,282.72967,"October 21, 21",0.03529,50.91961705573946
118,2021-10-20,268.73,273.94,265.25,269.42,269.42,2033557.0,2033557.0,0.69,0.257,269.53667,"October 20, 21",0.00257,49.32123556589097
119,2021-10-19,273.0,282.0,262.0,262.85,262.85,3889582.0,3889582.0,-10.15,-3.718,268.95,"October 19, 21",-0.03718,48.68607167355497
120,2021-10-18,245.34,261.13,245.03,261.09,261.09,2018748.0,2018748.0,15.75,6.42,255.75,"October 18, 21",0.0642,48.51667700869195
121,2021-10-15,252.8,252.8,245.28,247.68,247.68,1630755.0,1630755.0,-5.12,-2.025,248.58667,"October 15, 21",-0.02025,47.21557162707592
122,2021-10-14,253.13,257.27,249.0,250.33,250.33,1720482.0,1720482.0,-2.8,-1.106,252.2,"October 14, 21",-0.01106,47.44779455952279
123,2021-10-13,247.07,250.98,244.885,249.4,249.4,1427068.0,1427068.0,2.33,0.943,248.42167,"October 13, 21",0.00943,47.35874962894489
124,2021-10-12,247.73,248.42,240.13,243.77,243.77,1297315.0,1297315.0,-3.96,-1.599,244.10667,"October 12, 21",-0.01599,46.824205253186776
125,2021-10-11,244.0,250.99,240.97,243.02,243.02,1247868.0,1247868.0,-0.98,-0.402,244.99333,"October 11, 21",-0.00402,46.7536179457007
126,2021-10-08,252.03,257.8999,243.2206,245.95,245.95,1929773.0,1929773.0,-6.08,-2.412,249.0235,"October 08, 21",-0.02412,46.99243924021284
127,2021-10-07,235.8,252.59,232.06,246.57,246.57,2595770.0,2595770.0,10.77,4.567,243.74,"October 07, 21",0.04567,47.04226985417876
128,2021-10-06,246.96,248.54,233.75,236.14,236.14,2428935.0,2428935.0,-10.82,-4.381,239.47667,"October 06, 21",-0.04381,46.09999908940963
129,2021-10-05,253.95,258.0,249.0,250.12,250.12,2044806.0,2044806.0,-3.83,-1.508,252.37333,"October 05, 21",-0.01508,47.20323153203696
130,2021-10-04,234.93,252.37,233.5,248.9,248.9,3734971.0,3734971.0,13.97,5.946,244.92333,"October 04, 21",0.05946,47.0949531029285
131,2021-10-01,251.0,259.24,230.06,254.79,254.79,6892868.0,6892868.0,3.79,1.51,248.03,"October 01, 21",0.0151,47.55640363302454
132,2021-09-30,278.14,282.37,268.87,272.99,272.99,2649640.0,2649640.0,-5.15,-1.852,274.74333,"September 30, 21",-0.01852,49.01059970090901
133,2021-09-29,287.0,292.81,275.58,277.44,277.44,2781844.0,2781844.0,-9.56,-3.331,281.94333,"September 29, 21",-0.03331,49.37235298757523
134,2021-09-28,293.7,296.9,275.0,276.52,276.52,5862698.0,5862698.0,-17.18,-5.85,282.80667,"September 28, 21",-0.0585,49.29652770056183
135,2021-09-27,335.361,338.5,305.51,307.09,307.09,4089507.0,4089507.0,-28.271,-8.43,317.03333,"September 27, 21",-0.0843,51.82402773144042
136,2021-09-24,350.0,350.89,332.41,333.48,333.48,2619362.0,2619362.0,-16.52,-4.72,338.92667,"September 24, 21",-0.0472,54.173847469183855
137,2021-09-23,343.0,360.0,341.44,352.99,352.99,2831801.0,2831801.0,9.99,2.913,351.47667,"September 23, 21",0.02913,56.01395664134669
138,2021-09-22,342.8,344.55,336.69,339.26,339.26,1483232.0,1483232.0,-3.54,-1.033,340.16667,"September 22, 21",-0.01033,54.95883416086531
139,2021-09-21,344.77,349.93,337.19,341.35,341.35,2467289.0,2467289.0,-3.42,-0.992,342.82333,"September 21, 21",-0.00992,55.1562055438189
140,2021-09-20,341.21,353.64,333.36,339.01,339.01,3332355.0,3332355.0,-2.2,-0.645,342.00333,"September 20, 21",-0.00645,54.9788031991879
141,2021-09-17,370.74,370.8,344.81,359.18,359.18,5630580.0,5630580.0,-11.56,-3.118,358.26333,"September 17, 21",-0.03118,56.87957264989347
142,2021-09-16,350.39,374.74,345.0,372.65,372.65,4614426.0,4614426.0,22.26,6.353,364.13,"September 16, 21",0.06353,58.19636654814686
143,2021-09-15,338.11,357.76,337.5,355.25,355.25,4560609.0,4560609.0,17.14,5.069,350.17,"September 15, 21",0.05069,56.93424472213722
144,2021-09-14,326.17,345.86,326.03,334.88,334.88,2850668.0,2850668.0,8.71,2.67,335.59,"September 14, 21",0.0267,55.38900076644448
145,2021-09-13,348.19,351.91,322.47,327.14,327.14,3982493.0,3982493.0,-21.05,-6.046,333.84,"September 13, 21",-0.06046,54.784878708873606
146,2021-09-10,360.0,363.3,347.5,349.19,349.19,3067953.0,3067953.0,-10.81,-3.003,353.33,"September 10, 21",-0.03003,56.93753715961372
147,2021-09-09,338.29,353.47,336.68,351.38,351.38,3221372.0,3221372.0,13.09,3.869,347.17667,"September 09, 21",0.03869,57.15613146662791
148,2021-09-08,346.21,352.81,335.26,336.24,336.24,2363451.0,2363451.0,-9.97,-2.88,341.43667,"September 08, 21",-0.0288,56.01198298173384
149,2021-09-07,334.54,347.98,332.29,346.61,346.61,2500694.0,2500694.0,12.07,3.608,342.29333,"September 07, 21",0.03608,57.03435559600706
150,2021-09-03,328.49,334.31,320.71,334.3,334.3,2247971.0,2247971.0,5.81,1.769,329.77333,"September 03, 21",0.01769,56.102226367006764
151,2021-09-02,334.86,341.76,326.66,328.53,328.53,2124826.0,2124826.0,-6.33,-1.89,332.31667,"September 02, 21",-0.0189,55.66036015504738
152,2021-09-01,334.25,336.5,326.5,332.5,332.5,2649464.0,2649464.0,-1.75,-0.524,331.83333,"September 01, 21",-0.00524,56.04071833615174
153,2021-08-31,340.26,349.3,327.1,329.19,329.19,3333769.0,3333769.0,-11.07,-3.253,335.19667,"August 31, 21",-0.03253,55.793891373503016
154,2021-08-30,351.0,360.28,342.79,345.0,345.0,3021890.0,3021890.0,-6.0,-1.709,349.35667,"August 30, 21",-0.01709,57.29989418909637
155,2021-08-27,368.79,370.32,354.82,358.48,358.48,2337194.0,2337194.0,-10.31,-2.796,361.20667,"August 27, 21",-0.02796,58.622054960636206
156,2021-08-26,371.0,377.6,366.01,369.99,369.99,1925726.0,1925726.0,-1.01,-0.272,371.2,"August 26, 21",-0.00272,59.77622674279171
157,2021-08-25,360.78,376.54,351.0,376.03,376.03,3000972.0,3000972.0,15.25,4.227,367.85667,"August 25, 21",0.04227,60.38765466437551
158,2021-08-24,377.33,379.98,354.2,368.2,368.2,4776480.0,4776480.0,-9.13,-2.42,367.46,"August 24, 21",-0.0242,59.86612530816027
159,2021-08-23,373.52,387.88,370.2,382.1,382.1,6958111.0,6958111.0,8.58,2.297,380.06,"August 23, 21",0.02297,61.26949342747019
160,2021-08-20,336.35,356.5,333.0,348.68,348.68,3865393.0,3865393.0,12.33,3.666,346.06,"August 20, 21",0.03666,59.00517658489886
161,2021-08-19,348.7,355.0,331.0,331.81,331.81,4645018.0,4645018.0,-16.89,-4.844,339.27,"August 19, 21",-0.04844,57.78423931351192
162,2021-08-18,368.46,374.8,347.05,363.99,363.99,4830256.0,4830256.0,-4.47,-1.213,361.94667,"August 18, 21",-0.01213,61.19106054180303
163,2021-08-17,322.0,366.95,320.0,366.27,366.27,8127270.0,8127270.0,44.27,13.748,351.07333,"August 17, 21",0.13748,61.44258737498021
164,2021-08-16,368.17,369.79,320.05,343.1,343.1,7999343.0,7999343.0,-25.07,-6.809,344.31333,"August 16, 21",-0.06809,59.79679802029368
165,2021-08-13,387.14,389.96,367.5,377.32,377.32,3720245.0,3720245.0,-9.82,-2.537,378.26,"August 13, 21",-0.02537,63.73428886784173
166,2021-08-12,380.0,391.57,356.07,374.02,374.02,7303831.0,7303831.0,-5.98,-1.574,373.88667,"August 12, 21",-0.01574,63.50719317007863
167,2021-08-11,413.9,418.0,336.2,359.19,359.19,14610082.0,14610082.0,-54.71,-13.218,371.13,"August 11, 21",-0.13218,62.47224505063569
168,2021-08-10,458.0,464.0,411.42,416.5,416.5,8301561.0,8301561.0,-41.5,-9.061,430.64,"August 10, 21",-0.09061,69.989504962192
169,2021-08-09,408.23,459.88,403.55,447.23,447.23,12064428.0,12064428.0,39.0,9.553,436.88667,"August 09, 21",0.09553,74.71373606298273
170,2021-08-06,396.0,403.15,368.14,389.01,389.01,5745122.0,5745122.0,-6.99,-1.765,386.76667,"August 06, 21",-0.01765,71.09071098591582
171,2021-08-05,406.5,418.31,375.1,404.92,404.92,7400073.0,7400073.0,-1.58,-0.389,399.44333,"August 05, 21",-0.00389,73.92743011234901
172,2021-08-04,361.0,433.9,353.79,414.44,414.44,13761490.0,13761490.0,53.44,14.803,400.71,"August 04, 21",0.14803,75.69870002265341
173,2021-08-03,341.01,354.0,336.8,351.81,351.81,4151992.0,4151992.0,10.8,3.167,347.53667,"August 03, 21",0.03167,71.2590130304495
174,2021-08-02,345.26,353.6,333.24,340.21,340.21,5022526.0,5022526.0,-5.05,-1.463,342.35,"August 02, 21",-0.01463,70.27325140050469
175,2021-07-30,315.01,331.0,308.24,328.35,328.35,3974240.0,3974240.0,13.34,4.235,322.53,"July 30, 21",0.04235,69.21531963881276
176,2021-07-29,327.79,328.7,303.6,312.59,312.59,4094967.0,4094967.0,-15.2,-4.637,314.96333,"July 29, 21",-0.04637,67.7192512557031
177,2021-07-28,289.0,315.15,282.5,313.45,313.45,4923247.0,4923247.0,24.45,8.46,303.7,"July 28, 21",0.0846,67.89570358805828
178,2021-07-27,293.0,296.46,272.18,284.0,284.0,4348118.0,4348118.0,-9.0,-3.072,284.21333,"July 27, 21",-0.03072,64.81938269664236
179,2021-07-26,289.5,297.72,276.68,286.26,286.26,4037272.0,4037272.0,-3.24,-1.119,286.88667,"July 26, 21",-0.01119,65.28988701203538
180,2021-07-23,287.03,292.34,267.03,281.96,281.96,4494061.0,4494061.0,-5.07,-1.766,280.44333,"July 23, 21",-0.01766,64.81365457315167
181,2021-07-22,269.56,283.92,264.6,280.98,280.98,5603142.0,5603142.0,11.42,4.237,276.5,"July 22, 21",0.04237,64.7054978044949
182,2021-07-21,244.95,261.77,242.07,259.61,259.61,5366644.0,5366644.0,14.66,5.985,254.48333,"July 21, 21",0.05985,62.22408477077603
183,2021-07-20,240.93,252.56,232.89,245.17,245.17,6606007.0,6606007.0,4.24,1.76,243.54,"July 20, 21",0.0176,60.37949074233733
184,2021-07-19,228.0,247.31,226.41,242.64,242.64,5172312.0,5172312.0,14.64,6.421,238.78667,"July 19, 21",0.06421,60.0444930214046
185,2021-07-16,225.08,233.24,222.35,231.47,231.47,5068625.0,5068625.0,6.39,2.839,229.02,"July 16, 21",0.02839,58.52729274612376
186,2021-07-15,212.87,222.18,212.08,221.08,221.08,2901647.0,2901647.0,8.21,3.857,218.44667,"July 15, 21",0.03857,57.04027479237735
187,2021-07-14,214.43,214.9,204.68,212.0,212.0,1529646.0,1529646.0,-2.43,-1.133,210.52667,"July 14, 21",-0.01133,55.679278234336
188,2021-07-13,214.43,214.43,206.81,207.84,207.84,1809013.0,1809013.0,-6.59,-3.073,209.69333,"July 13, 21",-0.03073,55.03975286122307
189,2021-07-12,217.37,220.19,214.63,215.69,215.69,1094605.0,1094605.0,-1.68,-0.773,216.83667,"July 12, 21",-0.00773,56.54870698505493
190,2021-07-09,216.24,217.6,208.5,217.4,217.4,2065859.0,2065859.0,1.16,0.536,214.5,"July 09, 21",0.00536,56.88161481325534
191,2021-07-08,195.67,208.74,194.1,207.93,207.93,1984924.0,1984924.0,12.26,6.266,203.59,"July 08, 21",0.06266,55.45847910758854
192,2021-07-07,211.5,211.6,203.0,205.93,205.93,1428720.0,1428720.0,-5.57,-2.634,206.84333,"July 07, 21",-0.02634,55.15211925983556
193,2021-07-06,213.43,216.43,209.22,213.5,213.5,2055251.0,2055251.0,0.07,0.033,213.05,"July 06, 21",0.00033,56.5960449563475
194,2021-07-02,224.89,227.0,218.31,224.0,224.0,958910.0,958910.0,-0.89,-0.396,223.10333,"July 02, 21",-0.00396,58.68450205955931
195,2021-07-01,224.5,227.38,220.13,224.0,224.0,944125.0,944125.0,-0.5,-0.223,223.83667,"July 01, 21",-0.00223,58.68450205955931
196,2021-06-30,228.0,230.98,221.27,223.88,223.88,1766596.0,1766596.0,-4.12,-1.807,225.37667,"June 30, 21",-0.01807,58.66776140239228
197,2021-06-29,226.3,231.97,223.01,228.06,228.06,1679735.0,1679735.0,1.76,0.778,227.68,"June 29, 21",0.00778,59.490627505572135
198,2021-06-28,230.56,233.74,222.95,228.44,228.44,1518049.0,1518049.0,-2.12,-0.92,228.37667,"June 28, 21",-0.0092,59.565058636810505
199,2021-06-25,228.5,231.9,225.63,230.02,230.02,1177850.0,1177850.0,1.52,0.665,229.18333,"June 25, 21",0.00665,59.870281410945886
200,2021-06-24,231.1,232.97,225.85,227.79,227.79,1547058.0,1547058.0,-3.31,-1.432,228.87,"June 24, 21",-0.01432,59.583827739224624
201,2021-06-23,233.88,238.0,219.7,229.5,229.5,2721445.0,2721445.0,-4.38,-1.873,229.06667,"June 23, 21",-0.01873,59.90517153416104
202,2021-06-22,228.25,236.55,227.8,236.49,236.49,2031122.0,2031122.0,8.24,3.61,233.61333,"June 22, 21",0.0361,61.22798506148647
203,2021-06-21,217.06,226.68,214.77,226.09,226.09,1803882.0,1803882.0,9.03,4.16,222.51333,"June 21, 21",0.0416,59.9381089608944
204,2021-06-18,211.91,217.1,211.52,212.42,212.42,2142321.0,2142321.0,0.51,0.241,213.68,"June 18, 21",0.00241,58.14443249340776
205,2021-06-17,209.9,216.3,208.67,214.2,214.2,2082593.0,2082593.0,4.3,2.049,213.05667,"June 17, 21",0.02049,58.47854039953956
206,2021-06-16,211.5,214.97,199.5,203.85,203.85,3925953.0,3925953.0,-7.65,-3.617,206.10667,"June 16, 21",-0.03617,57.0729590280941
207,2021-06-15,224.14,224.34,213.12,218.17,218.17,2052040.0,2052040.0,-5.97,-2.664,218.54333,"June 15, 21",-0.02664,59.81863062854055
208,2021-06-14,240.55,240.82,212.4,220.58,220.58,4427077.0,4427077.0,-19.97,-8.302,224.6,"June 14, 21",-0.08302,60.297056230672496
209,2021-06-11,238.97,239.78,233.61,238.55,238.55,1126688.0,1126688.0,-0.42,-0.176,237.31333,"June 11, 21",-0.00176,64.03975356129058
210,2021-06-10,240.0,247.66,231.05,239.82,239.82,2876531.0,2876531.0,-0.18,-0.075,239.51,"June 10, 21",-0.00075,64.31625095257544
211,2021-06-09,225.02,246.68,222.8,241.49,241.49,3630433.0,3630433.0,16.47,7.319,236.99,"June 09, 21",0.07319,64.676103065025
212,2021-06-08,238.79,240.43,211.26,220.45,220.45,4117858.0,4117858.0,-18.34,-7.68,224.04667,"June 08, 21",-0.0768,62.05481111085548
213,2021-06-07,238.56,252.77,237.5,238.15,238.15,3752232.0,3752232.0,-0.41,-0.172,242.80667,"June 07, 21",-0.00172,66.09864144202498
214,2021-06-04,218.62,235.0,217.0,233.29,233.29,3238351.0,3238351.0,14.67,6.71,228.43,"June 04, 21",0.0671,65.49357011311432
215,2021-06-03,218.3,220.78,213.4,215.31,215.31,1528299.0,1528299.0,-2.99,-1.37,216.49667,"June 03, 21",-0.0137,63.1061847047539
216,2021-06-02,206.26,219.94,205.52,219.4,219.4,2850015.0,2850015.0,13.14,6.371,214.95333,"June 02, 21",0.06371,64.09474838366307
217,2021-06-01,204.57,209.8,204.48,206.14,206.14,1664504.0,1664504.0,1.57,0.767,206.80667,"June 01, 21",0.00767,62.21409460789261
218,2021-05-28,199.11,208.6,199.1,204.0,204.0,2283860.0,2283860.0,4.89,2.456,203.9,"May 28, 21",0.02456,61.89845625173748
219,2021-05-27,199.05,203.5,196.18,197.7,197.7,1317499.0,1317499.0,-1.35,-0.678,199.12667,"May 27, 21",-0.00678,60.95754222883589
220,2021-05-26,197.6,203.5,197.51,202.37,202.37,1521601.0,1521601.0,4.77,2.414,201.12667,"May 26, 21",0.02414,62.07106466063105
221,2021-05-25,194.46,200.12,193.7,197.5,197.5,1442505.0,1442505.0,3.04,1.563,197.10667,"May 25, 21",0.01563,61.34951770947667
222,2021-05-24,197.51,199.99,193.28,194.89,194.89,1225680.0,1225680.0,-2.62,-1.327,196.05333,"May 24, 21",-0.01327,60.95944320232829
223,2021-05-21,204.13,205.19,195.48,195.69,195.69,1529658.0,1529658.0,-8.44,-4.135,198.78667,"May 21, 21",-0.04135,61.1448082270732
224,2021-05-20,199.17,209.02,198.3,203.71,203.71,3272136.0,3272136.0,4.54,2.279,203.67667,"May 20, 21",0.02279,63.02771501721497
225,2021-05-19,190.0,199.24,186.72,199.08,199.08,1837564.0,1837564.0,9.08,4.779,195.01333,"May 19, 21",0.04779,62.37215681092627
226,2021-05-18,195.49,197.45,190.25,194.5,194.5,1844524.0,1844524.0,-0.99,-0.506,194.06667,"May 18, 21",-0.00506,61.71406762095087
227,2021-05-17,192.74,200.6,191.8,198.3,198.3,2017971.0,2017971.0,5.56,2.885,196.9,"May 17, 21",0.02885,62.60434242829874
228,2021-05-14,183.49,194.77,181.56,192.77,192.77,2968702.0,2968702.0,9.28,5.057,189.7,"May 14, 21",0.05057,61.81882317804172
229,2021-05-13,188.33,189.83,172.72,180.79,180.79,3057538.0,3057538.0,-7.54,-4.004,181.11333,"May 13, 21",-0.04004,60.03662678876562
230,2021-05-12,196.65,198.19,185.66,186.13,186.13,3197541.0,3197541.0,-10.52,-5.35,189.99333,"May 12, 21",-0.0535,61.2862521412574
231,2021-05-11,186.61,202.44,185.0,198.02,198.02,4678308.0,4678308.0,11.41,6.114,195.15333,"May 11, 21",0.06114,64.20220263150973
232,2021-05-10,200.8,202.95,184.56,202.35,202.35,7228567.0,7228567.0,1.55,0.772,196.62,"May 10, 21",0.00772,65.31121648862013
233,2021-05-07,183.34,185.83,175.44,183.71,183.71,4478641.0,4478641.0,0.37,0.202,181.66,"May 07, 21",0.00202,62.58461714661981
234,2021-05-06,146.06,171.89,145.0,168.0,168.0,9965219.0,9965219.0,21.94,15.021,161.63,"May 06, 21",0.15021,59.98690673717908
235,2021-05-05,185.41,196.08,161.22,170.77,170.77,9151988.0,9151988.0,-14.64,-7.896,176.02333,"May 05, 21",-0.07896,60.71530411814298
236,2021-05-04,212.5,213.15,169.3,176.88,176.88,12140573.0,12140573.0,-35.62,-16.762,186.44333,"May 04, 21",-0.16762,62.35192965395839
237,2021-05-03,202.25,211.65,196.0,208.9,208.9,5734918.0,5734918.0,6.65,3.288,205.51667,"May 03, 21",0.03288,72.37085243782393
238,2021-04-30,183.3,193.85,180.89,188.28,188.28,3521226.0,3521226.0,4.98,2.717,187.67333,"April 30, 21",0.02717,69.25290627688338
239,2021-04-29,180.58,184.73,177.25,179.65,179.65,2084976.0,2084976.0,-0.93,-0.515,180.54333,"April 29, 21",-0.00515,67.76067810498373
240,2021-04-28,171.98,177.19,169.3,175.77,175.77,1510659.0,1510659.0,3.79,2.204,174.08667,"April 28, 21",0.02204,67.05622592130536
241,2021-04-27,173.37,175.88,169.26,172.84,172.84,2075554.0,2075554.0,-0.53,-0.306,172.66,"April 27, 21",-0.00306,66.51474748004934
242,2021-04-26,167.79,174.77,161.54,174.65,174.65,3104282.0,3104282.0,6.86,4.088,170.32,"April 26, 21",0.04088,67.18325436833122
243,2021-04-23,174.34,177.65,171.02,173.0,173.0,3120746.0,3120746.0,-1.34,-0.769,173.89,"April 23, 21",-0.00769,66.88592900343157
244,2021-04-22,164.99,176.0,164.8,168.95,168.95,4723987.0,4723987.0,3.96,2.4,169.91667,"April 22, 21",0.024,66.14816785099417
245,2021-04-21,154.84,162.07,152.12,161.8,161.8,2434276.0,2434276.0,6.96,4.495,158.66333,"April 21, 21",0.04495,64.79099860540032
246,2021-04-20,145.47,157.3,140.81,156.18,156.18,3241626.0,3241626.0,10.71,7.362,151.43,"April 20, 21",0.07362,63.66901808728512
247,2021-04-19,146.97,156.81,146.79,149.48,149.48,3442336.0,3442336.0,2.51,1.708,151.02667,"April 19, 21",0.01708,62.264100404200846
248,2021-04-16,141.49,152.32,141.49,151.54,151.54,4639762.0,4639762.0,10.05,7.103,148.45,"April 16, 21",0.07103,62.99814081464181
249,2021-04-15,130.0,140.79,128.16,140.72,140.72,3727780.0,3727780.0,10.72,8.246,136.55667,"April 15, 21",0.08246,60.60768997363212
250,2021-04-14,130.800003,132.600006,129.210007,132.600006,132.600006,3349400.0,3349400.0,1.8,1.376,131.47001,"April 14, 21",0.01376,58.64268748941908
251,2021-04-13,125.0,130.809998,124.769997,129.639999,129.639999,4187500.0,4187500.0,4.64,3.712,128.40666,"April 13, 21",0.03712,57.89231636853073
252,2021-04-12,120.550003,122.25,118.290001,121.519997,121.519997,1620200.0,1620200.0,0.96999,0.805,120.68667,"April 12, 21",0.00805,55.73311975110601
253,2021-04-09,114.949997,123.5,114.720001,122.139999,122.139999,4192600.0,4192600.0,7.19,6.255,120.12,"April 09, 21",0.06255,55.94779245427047
254,2021-04-08,113.269997,116.300003,112.5,114.489998,114.489998,1001500.0,1001500.0,1.22,1.077,114.43,"April 08, 21",0.01077,53.79580696964168
255,2021-04-07,115.760002,116.25,112.220001,113.32,113.32,1151000.0,1151000.0,-2.44,-2.108,113.93,"April 07, 21",-0.02108,53.455011121676094
256,2021-04-06,115.690002,117.75,114.168999,117.150002,117.150002,1523000.0,1523000.0,1.46,1.262,116.35633,"April 06, 21",0.01262,54.75052219115906
257,2021-04-05,114.010002,115.870003,110.0,115.370003,115.370003,1385300.0,1385300.0,1.36,1.193,113.74667,"April 05, 21",0.01193,54.24547308544331
258,2021-04-01,110.510002,114.080002,110.5,113.870003,113.870003,2020700.0,2020700.0,3.36,3.04,112.81667,"April 01, 21",0.0304,53.81980274099747
259,2021-03-31,109.467003,111.0,107.099998,109.190002,109.190002,2178900.0,2178900.0,-0.277,-0.253,109.09667,"March 31, 21",-0.00253,52.467702485361954
260,2021-03-30,99.800003,106.475998,98.599998,104.440002,104.440002,3464000.0,3464000.0,4.64,4.649,103.172,"March 30, 21",0.04649,51.04192692224265
261,2021-03-29,97.540001,98.870003,93.760002,95.910004,95.910004,1066200.0,1066200.0,-1.63,-1.671,96.18,"March 29, 21",-0.01671,48.31344326568981
262,2021-03-26,97.5,97.540001,93.82,95.760002,95.760002,910400.0,910400.0,-1.74,-1.785,95.70667,"March 26, 21",-0.01785,48.2637535910745
263,2021-03-25,94.099998,97.449997,92.931,95.129997,95.129997,1299400.0,1299400.0,1.03,1.095,95.17033,"March 25, 21",0.01095,48.05822209435071
264,2021-03-24,100.239998,101.480003,93.389999,94.050003,94.050003,2204100.0,2204100.0,-6.19,-6.175,96.30667,"March 24, 21",-0.06175,47.70923296198722
265,2021-03-23,107.330002,107.349998,100.110001,100.110001,100.110001,1210400.0,1210400.0,-7.22,-6.727,102.52333,"March 23, 21",-0.06727,49.53954142611754
266,2021-03-22,106.629997,108.699997,106.32,107.0,107.0,631800.0,631800.0,0.37,0.347,107.34,"March 22, 21",0.00347,51.751715819010485
267,2021-03-19,104.5,107.800003,102.82,107.589996,107.589996,1145600.0,1145600.0,3.09,2.957,106.07,"March 19, 21",0.02957,51.9463766724644
268,2021-03-18,104.389999,104.910004,103.029999,103.650002,103.650002,700800.0,700800.0,-0.74,-0.709,103.86334,"March 18, 21",-0.00709,50.733610213652575
269,2021-03-17,105.739998,107.800003,102.800003,106.660004,106.660004,920700.0,920700.0,0.92001,0.87,105.75334,"March 17, 21",0.0087,51.71068688339533
270,2021-03-16,109.258003,110.980003,104.699997,108.099998,108.099998,1377300.0,1377300.0,-1.15801,-1.06,107.92667,"March 16, 21",-0.0106,52.18185113404036
271,2021-03-15,103.989998,108.150002,102.042,107.879997,107.879997,1365500.0,1365500.0,3.89,3.741,106.024,"March 15, 21",0.03741,52.116527895632565
272,2021-03-12,99.339996,103.279999,99.010002,103.279999,103.279999,788600.0,788600.0,3.94,3.966,101.85667,"March 12, 21",0.03966,50.73757380347043
273,2021-03-11,100.5,103.0,100.239998,102.599998,102.599998,1062000.0,1062000.0,2.1,2.09,101.94667,"March 11, 21",0.0209,50.53119094993172
274,2021-03-10,100.787003,101.989998,97.080002,98.019997,98.019997,1376800.0,1376800.0,-2.76701,-2.745,99.03,"March 10, 21",-0.02745,49.12433373356377
275,2021-03-09,94.110001,97.93,93.57,96.480003,96.480003,1315900.0,1315900.0,2.37,2.518,95.99333,"March 09, 21",0.02518,48.64305431865719
276,2021-03-08,94.830002,95.699997,90.290001,90.290001,90.290001,1521400.0,1521400.0,-4.54,-4.788,92.09333,"March 08, 21",-0.04788,46.65523541664783
277,2021-03-05,95.68,96.839996,91.220001,96.199997,96.199997,1693600.0,1693600.0,0.52,0.543,94.75333,"March 05, 21",0.00543,48.408392217017074
278,2021-03-04,97.400002,100.905998,92.510002,95.150002,95.150002,2335100.0,2335100.0,-2.25,-2.31,96.18867,"March 04, 21",-0.0231,48.06862906035366
279,2021-03-03,104.830002,105.0,97.25,97.25,97.25,2142800.0,2142800.0,-7.58,-7.231,99.83333,"March 03, 21",-0.07231,48.697206801443166
280,2021-03-02,109.860001,109.860001,104.239998,104.980003,104.980003,1093400.0,1093400.0,-4.88,-4.442,106.36,"March 02, 21",-0.04442,51.10807601426916
281,2021-03-01,110.0,111.449997,108.059998,110.209999,110.209999,885200.0,885200.0,0.21,0.191,109.90666,"March 01, 21",0.00191,52.84268770152587
282,2021-02-26,113.900002,114.980003,109.029999,109.029999,109.029999,1028600.0,1028600.0,-4.87,-4.276,111.01333,"February 26, 21",-0.04276,52.48612168970214
283,2021-02-25,114.870003,117.349998,111.18,112.330002,112.330002,1129800.0,1129800.0,-2.54,-2.211,113.62,"February 25, 21",-0.02211,53.5967996651275
284,2021-02-24,110.510002,114.580002,109.230003,114.169998,114.169998,1405100.0,1405100.0,3.66,3.312,112.66,"February 24, 21",0.03312,54.223791928261925
285,2021-02-23,110.779999,112.226997,106.199997,111.970001,111.970001,2088700.0,2088700.0,1.19,1.074,110.13233,"February 23, 21",0.01074,53.5875992857507
286,2021-02-22,117.449997,119.800003,114.029999,114.599998,114.599998,1578000.0,1578000.0,-2.85,-2.427,116.14333,"February 22, 21",-0.02427,54.47455463271951
287,2021-02-19,113.099998,116.879997,113.019997,115.690002,115.690002,1381500.0,1381500.0,2.59,2.29,115.19667,"February 19, 21",0.0229,54.843243052837806
288,2021-02-18,108.0,113.610001,107.360001,112.650002,112.650002,1604800.0,1604800.0,4.65,4.306,111.20667,"February 18, 21",0.04306,53.99216543431187
289,2021-02-17,113.110001,113.989998,108.120003,113.559998,113.559998,1331900.0,1331900.0,0.45,0.398,111.89,"February 17, 21",0.00398,54.29234213367891
290,2021-02-16,117.0,117.82,112.550003,114.379997,114.379997,1517500.0,1517500.0,-2.62,-2.239,114.91667,"February 16, 21",-0.02239,54.5602109682455
291,2021-02-12,118.489998,118.800003,115.849998,117.559998,117.559998,1028600.0,1028600.0,-0.93,-0.785,117.40333,"February 12, 21",-0.00785,55.60281744551442
292,2021-02-11,119.0,119.93,115.419998,118.029999,118.029999,1352800.0,1352800.0,-0.97,-0.815,117.79333,"February 11, 21",-0.00815,55.75714465524557
293,2021-02-10,119.055,120.330002,117.099998,119.349998,119.349998,1397500.0,1397500.0,0.295,0.248,118.92667,"February 10, 21",0.00248,56.18636225016351
294,2021-02-09,119.970001,119.980003,117.120003,117.529999,117.529999,1099200.0,1099200.0,-2.44,-2.034,118.21,"February 09, 21",-0.02034,55.72583965016597
295,2021-02-08,117.610001,120.989998,117.599998,119.5,119.5,1922900.0,1922900.0,1.89,1.607,119.36333,"February 08, 21",0.01607,56.35417150371693
296,2021-02-05,117.43,119.209999,116.559998,117.57,117.57,876800.0,876800.0,0.14,0.119,117.78,"February 05, 21",0.00119,55.87651110207658
297,2021-02-04,117.900002,120.088997,116.989998,117.559998,117.559998,1441700.0,1441700.0,-0.34,-0.288,118.213,"February 04, 21",-0.00288,55.874058505603415
298,2021-02-03,114.209999,119.25,113.709999,118.019997,118.019997,2426900.0,2426900.0,3.81,3.336,116.99333,"February 03, 21",0.03336,56.014388972450384
299,2021-02-02,115.0,115.879997,110.559998,114.760002,114.760002,1906700.0,1906700.0,-0.24,-0.209,113.73333,"February 02, 21",-0.00209,55.23351514277843
300,2021-02-01,117.849998,119.540001,113.489998,116.099998,116.099998,2898200.0,2898200.0,-1.75,-1.485,116.37667,"February 01, 21",-0.01485,55.631349676383536
301,2021-01-29,114.940002,118.169998,111.400002,116.940002,116.940002,6622800.0,6622800.0,2.0,1.74,115.50333,"January 29, 21",0.0174,55.87860707464633
302,2021-01-28,107.662003,111.239998,106.599998,110.0,110.0,2296600.0,2296600.0,2.338,2.172,109.28,"January 28, 21",0.02172,54.23158315687173
303,2021-01-27,105.150002,110.863998,103.019997,105.970001,105.970001,2139600.0,2139600.0,0.82,0.78,106.618,"January 27, 21",0.0078,53.23820809158518
304,2021-01-26,110.279999,112.832001,105.489998,106.290001,106.290001,3863900.0,3863900.0,-3.99,-3.618,108.204,"January 26, 21",-0.03618,53.32827723533238
305,2021-01-25,108.0,110.980003,105.139999,110.610001,110.610001,2882600.0,2882600.0,2.61,2.417,108.91,"January 25, 21",0.02417,54.54923635779569
306,2021-01-22,104.5,108.480003,104.315002,108.440002,108.440002,1696300.0,1696300.0,3.94,3.77,107.07834,"January 22, 21",0.0377,54.03114165658441
307,2021-01-21,104.0,107.300003,103.199997,105.43,105.43,2256300.0,2256300.0,1.43,1.375,105.31,"January 21, 21",0.01375,53.30762716033846
308,2021-01-20,104.410004,105.5,102.330002,103.230003,103.230003,1615700.0,1615700.0,-1.18,-1.13,103.68667,"January 20, 21",-0.0113,52.77523121482523
309,2021-01-19,101.260002,105.440002,100.199997,104.699997,104.699997,2018200.0,2018200.0,3.44,3.397,103.44667,"January 19, 21",0.03397,53.17223372154927
310,2021-01-15,104.25,104.989998,97.25,101.589996,101.589996,3151600.0,3151600.0,-2.66,-2.552,101.27666,"January 15, 21",-0.02552,52.43030095715291
311,2021-01-14,102.790001,106.5,102.260002,105.849998,105.849998,1910200.0,1910200.0,3.06,2.977,104.87,"January 14, 21",0.02977,53.56964591320339
312,2021-01-13,103.480003,106.0,102.040001,102.610001,102.610001,1816000.0,1816000.0,-0.87,-0.841,103.55,"January 13, 21",-0.00841,52.80523372364309
313,2021-01-12,104.970001,107.678001,101.010002,105.449997,105.449997,3560300.0,3560300.0,0.48,0.457,104.71267,"January 12, 21",0.00457,53.56274239518419
314,2021-01-11,102.839996,109.400002,102.099998,108.900002,108.900002,4772800.0,4772800.0,6.06001,5.893,106.8,"January 11, 21",0.05893,54.49338405557609
315,2021-01-08,98.099998,101.199997,97.0,100.389999,100.389999,3988400.0,3988400.0,2.29,2.334,99.53,"January 08, 21",0.02334,52.498282236525945
316,2021-01-07,94.0,94.790001,91.010002,93.690002,93.690002,2980500.0,2980500.0,-0.31,-0.33,93.16334,"January 07, 21",-0.0033,50.83519188883127
317,2021-01-06,86.754997,91.489998,86.25,91.160004,91.160004,3070800.0,3070800.0,4.40501,5.078,89.63333,"January 06, 21",0.05078,50.18984071562393
318,2021-01-05,87.949997,88.980003,84.889999,86.779999,86.779999,1970900.0,1970900.0,-1.17,-1.33,86.88333,"January 05, 21",-0.0133,49.055296840423466
319,2021-01-04,85.450996,88.129997,83.0,85.730003,85.730003,3138000.0,3138000.0,0.27901,0.327,85.62,"January 04, 21",0.00327,48.78122039992737
320,2020-12-31,83.379997,85.5,80.550003,81.519997,81.519997,2599000.0,2599000.0,-1.86,-2.231,82.52333,"December 31, 20",-0.02231,47.675100467902105
321,2020-12-30,90.0,90.889999,83.027,83.940002,83.940002,2941100.0,2941100.0,-6.06,-6.733,85.95233,"December 30, 20",-0.06733,48.262238315032974
322,2020-12-29,84.449997,89.389999,83.852997,88.279999,88.279999,3300400.0,3300400.0,3.83,4.535,87.17433,"December 29, 20",0.04535,49.32996100773149
323,2020-12-28,95.0,95.400002,87.07,88.110001,88.110001,4698900.0,4698900.0,-6.89,-7.253,90.19333,"December 28, 20",-0.07253,49.28689330686719
324,2020-12-24,98.5,99.889999,96.639999,96.959999,96.959999,1039100.0,1039100.0,-1.54,-1.563,97.83,"December 24, 20",-0.01563,51.52103366222252
325,2020-12-23,97.120003,100.5,95.0,100.059998,100.059998,3414000.0,3414000.0,2.94,3.027,98.52,"December 23, 20",0.03027,52.335398476609264
326,2020-12-22,107.07,107.209999,95.599998,100.559998,100.559998,5021000.0,5021000.0,-6.51,-6.08,101.12333,"December 22, 20",-0.0608,52.466482846724666
327,2020-12-21,107.510002,107.970001,104.57,106.459999,106.459999,2611000.0,2611000.0,-1.05,-0.977,106.33333,"December 21, 20",-0.00977,54.03146829067269
328,2020-12-18,106.459999,106.769997,102.57,104.239998,104.239998,3108200.0,3108200.0,-2.22,-2.085,104.52667,"December 18, 20",-0.02085,53.52023463306418
329,2020-12-17,102.635002,107.589996,101.620003,106.43,106.43,3487800.0,3487800.0,3.795,3.698,105.21333,"December 17, 20",0.03698,54.10192103238667
330,2020-12-16,112.220001,112.849998,102.330002,105.779999,105.779999,4802600.0,4802600.0,-6.44,-5.739,106.98667,"December 16, 20",-0.05739,53.95636302189988
331,2020-12-15,114.209999,116.260002,108.330002,111.199997,111.199997,5711800.0,5711800.0,-3.01,-2.635,111.93,"December 15, 20",-0.02635,55.39184793776308
332,2020-12-14,126.628998,127.0,105.25,108.269997,108.269997,10907900.0,10907900.0,-18.359,-14.498,113.50667,"December 14, 20",-0.14498,54.754128740846696
333,2020-12-11,130.100006,131.0,124.639999,127.300003,127.300003,4303700.0,4303700.0,-2.8,-2.152,127.64667,"December 11, 20",-0.02152,60.23516594084188
334,2020-12-10,123.82,129.949997,123.199997,129.539993,129.539993,5381300.0,5381300.0,5.71999,4.62,127.56333,"December 10, 20",0.0462,60.93884286650332
335,2020-12-09,128.990005,129.050003,116.580002,122.809998,122.809998,5265200.0,5265200.0,-6.18001,-4.791,122.81333,"December 09, 20",-0.04791,59.54740332330827
336,2020-12-08,127.0,129.899994,126.5,128.110001,128.110001,4597500.0,4597500.0,1.11,0.874,128.17,"December 08, 20",0.00874,61.23076075923746
337,2020-12-07,121.0,126.379997,121.0,125.699997,125.699997,4925300.0,4925300.0,4.7,3.884,124.36,"December 07, 20",0.03884,60.7361378198016
338,2020-12-04,117.842003,120.75,114.419998,120.0,120.0,3142600.0,3142600.0,2.158,1.831,118.39,"December 04, 20",0.01831,59.53967479013638
339,2020-12-03,119.849998,121.800003,115.0,118.68,118.68,4264600.0,4264600.0,-1.17,-0.976,118.49333,"December 03, 20",-0.00976,59.25791769017376
340,2020-12-02,120.849998,123.589996,116.43,121.089996,121.089996,7164700.0,7164700.0,0.24,0.199,120.37,"December 02, 20",0.00199,60.0055802011926
341,2020-12-01,124.5,128.130005,108.0,114.010002,114.010002,9634500.0,9634500.0,-10.49,-8.426,116.71334,"December 01, 20",-0.08426,58.498034353874246
342,2020-11-30,113.639999,124.910004,113.5,124.239998,124.239998,9934800.0,9934800.0,10.6,9.328,120.88333,"November 30, 20",0.09328,61.79643333594763
343,2020-11-27,106.440002,111.199997,106.099998,109.989998,109.989998,3874600.0,3874600.0,3.55,3.335,109.09666,"November 27, 20",0.03335,58.61065190320232
344,2020-11-25,100.0,106.059998,99.099998,104.959999,104.959999,3007400.0,3007400.0,4.96,4.96,103.37333,"November 25, 20",0.0496,57.38125582029701
345,2020-11-24,100.919998,103.43,97.559998,101.870003,101.870003,3864000.0,3864000.0,0.95001,0.941,100.95333,"November 24, 20",0.00941,56.60526538203998
346,2020-11-23,109.730003,109.980003,104.199997,106.5,106.5,5194200.0,5194200.0,-3.23,-2.944,106.89333,"November 23, 20",-0.02944,58.160267499882245
347,2020-11-20,100.0,105.330002,99.050003,104.07,104.07,6751700.0,6751700.0,4.07,4.07,102.81667,"November 20, 20",0.0407,57.5606216848112
348,2020-11-19,91.599998,95.089996,91.290001,94.93,94.93,3400100.0,3400100.0,3.33,3.635,93.77,"November 19, 20",0.03635,55.19354406392312
349,2020-11-18,90.800003,92.459999,88.260002,90.440002,90.440002,5772600.0,5772600.0,-0.36,-0.396,90.38667,"November 18, 20",-0.00396,53.957223718073664
350,2020-11-17,89.0,92.0,86.650002,86.93,86.93,4057400.0,4057400.0,-2.07,-2.326,88.52667,"November 17, 20",-0.02326,52.962922327872256
351,2020-11-16,96.639999,97.0,87.07,91.519997,91.519997,11171600.0,11171600.0,-5.12,-5.298,91.86333,"November 16, 20",-0.05298,54.470390480736775
352,2020-11-13,104.120003,108.199997,103.370003,106.0,106.0,2997500.0,2997500.0,1.88,1.806,105.85667,"November 13, 20",0.01806,59.7259850191175
353,2020-11-12,106.809998,107.128998,100.5,101.629997,101.629997,3596500.0,3596500.0,-5.18,-4.85,103.08633,"November 12, 20",-0.0485,58.54294630440956
354,2020-11-11,112.0,112.5,108.612999,109.449997,109.449997,3274100.0,3274100.0,-2.55,-2.277,110.18767,"November 11, 20",-0.02277,61.72251905109714
355,2020-11-10,110.0,113.400002,106.199997,112.760002,112.760002,8029100.0,8029100.0,2.76,2.509,110.78667,"November 10, 20",0.02509,63.14511618521167
356,2020-11-09,114.019997,115.0,98.510002,104.800003,104.800003,14614900.0,14614900.0,-9.21999,-8.086,106.10334,"November 09, 20",-0.08086,61.02822305097783
357,2020-11-06,92.0,92.199997,90.330002,92.0,92.0,861300.0,861300.0,0.0,0.0,91.51,"November 06, 20",0.0,57.14955749968976
358,2020-11-05,91.330002,92.839996,89.669998,92.0,92.0,1459800.0,1459800.0,0.67,0.734,91.50333,"November 05, 20",0.00734,57.14955749968976
359,2020-11-04,86.510002,91.128998,86.510002,90.690002,90.690002,1701500.0,1701500.0,4.18,4.832,89.443,"November 04, 20",0.04832,56.72623680371415
360,2020-11-03,84.910004,88.199997,84.849998,87.220001,87.220001,1082600.0,1082600.0,2.31,2.721,86.75667,"November 03, 20",0.02721,55.5872817442366
361,2020-11-02,87.903999,88.0,83.18,87.099998,87.099998,2139900.0,2139900.0,-0.804,-0.915,86.09333,"November 02, 20",-0.00915,55.54762971421409
362,2020-10-30,87.010002,88.5,83.050003,85.360001,85.360001,2253000.0,2253000.0,-1.65,-1.896,85.63667,"October 30, 20",-0.01896,54.97644000418625
363,2020-10-29,81.489998,85.769997,79.220001,84.809998,84.809998,2512000.0,2512000.0,3.32,4.074,83.26667,"October 29, 20",0.04074,54.79651147140049
364,2020-10-28,79.889999,80.739998,75.345001,77.540001,77.540001,2566100.0,2566100.0,-2.35,-2.942,77.875,"October 28, 20",-0.02942,52.328697167599465
365,2020-10-27,83.0,84.055,80.510002,83.949997,83.949997,2222100.0,2222100.0,0.95,1.145,82.83833,"October 27, 20",0.01145,54.91938942798858
366,2020-10-26,88.220001,89.839996,80.349998,82.93,82.93,2879900.0,2879900.0,-5.29,-5.996,84.37333,"October 26, 20",-0.05996,54.56863846710082
367,2020-10-23,89.605003,89.989998,87.059998,88.690002,88.690002,2079700.0,2079700.0,-0.915,-1.021,88.58,"October 23, 20",-0.01021,57.024006651399
368,2020-10-22,88.989998,90.120003,85.417,86.360001,86.360001,2205900.0,2205900.0,-2.63,-2.955,87.299,"October 22, 20",-0.02955,56.2435017877431
369,2020-10-21,92.75,92.940002,85.669998,87.720001,87.720001,3384600.0,3384600.0,-5.03,-5.423,88.77667,"October 21, 20",-0.05423,56.83392883711491
370,2020-10-20,93.919998,96.116997,91.611,94.349998,94.349998,1872100.0,1872100.0,0.43,0.458,94.026,"October 20, 20",0.00458,59.83480644484348
371,2020-10-19,96.230003,97.290001,92.239998,93.919998,93.919998,2800200.0,2800200.0,-2.31001,-2.401,94.48333,"October 19, 20",-0.02401,59.69955820861141
372,2020-10-16,93.599998,94.150002,91.550003,94.089996,94.089996,2792500.0,2792500.0,0.49,0.524,93.26333,"October 16, 20",0.00524,59.77754503608377
373,2020-10-15,85.650002,90.418999,85.5,90.379997,90.379997,2029700.0,2029700.0,4.73,5.522,88.76633,"October 15, 20",0.05522,58.6214830701252
374,2020-10-14,95.418999,95.440002,85.050003,86.860001,86.860001,4198000.0,4198000.0,-8.559,-8.97,89.11667,"October 14, 20",-0.0897,57.48530592041202
375,2020-10-13,90.080002,94.015999,89.559998,93.0,93.0,2527500.0,2527500.0,2.92,3.242,92.192,"October 13, 20",0.03242,60.31643041780024
376,2020-10-12,91.0,91.900002,87.599998,88.739998,88.739998,2573100.0,2573100.0,-2.26,-2.484,89.41333,"October 12, 20",-0.02484,58.94152601386413
377,2020-10-09,88.980003,90.0,87.5,89.040001,89.040001,1462500.0,1462500.0,0.06,0.067,88.84667,"October 09, 20",0.00067,59.08280081925392
378,2020-10-08,85.830002,89.43,85.599998,87.949997,87.949997,1826000.0,1826000.0,2.12,2.47,87.66,"October 08, 20",0.0247,58.730592061832965
379,2020-10-07,83.32,86.440002,80.699997,86.230003,86.230003,2354700.0,2354700.0,2.91,3.493,84.45667,"October 07, 20",0.03493,58.1738330770478
380,2020-10-06,86.839996,88.300003,83.519997,85.589996,85.589996,5702100.0,5702100.0,-1.25,-1.439,85.80333,"October 06, 20",-0.01439,57.96705108078162
381,2020-10-05,75.699997,81.559998,75.650002,80.699997,80.699997,3750600.0,3750600.0,5.0,6.605,79.30333,"October 05, 20",0.06605,56.35125503796852
382,2020-10-02,71.849998,75.0,71.160004,73.699997,73.699997,2327800.0,2327800.0,1.85,2.575,73.28667,"October 02, 20",0.02575,53.86320295821815
383,2020-10-01,70.0,72.870003,69.309998,72.709999,72.709999,2371700.0,2371700.0,2.71,3.871,71.63,"October 01, 20",0.03871,53.49580035159104
384,2020-09-30,67.400002,69.470001,67.098,69.230003,69.230003,1742700.0,1742700.0,1.83,2.715,68.59933,"September 30, 20",0.02715,52.184090699513575
385,2020-09-29,66.599998,67.109001,65.760002,66.860001,66.860001,847600.0,847600.0,0.26,0.39,66.57633,"September 29, 20",0.0039,51.26667185867243
386,2020-09-28,66.989998,67.800003,65.720001,66.5,66.5,1750000.0,1750000.0,-0.49,-0.731,66.67333,"September 28, 20",-0.00731,51.12708499501318
387,2020-09-25,61.27,66.871002,61.27,66.690002,66.690002,1670500.0,1670500.0,5.42,8.846,64.94367,"September 25, 20",0.08846,51.202941692510514
388,2020-09-24,62.619999,63.93,58.810001,62.830002,62.830002,2863400.0,2863400.0,0.21,0.335,61.85667,"September 24, 20",0.00335,49.71764322745269
389,2020-09-23,67.25,67.279999,63.686001,63.830002,63.830002,1678000.0,1678000.0,-3.42,-5.086,64.932,"September 23, 20",-0.05086,50.104846121139104
390,2020-09-22,65.379997,67.757004,63.610001,67.050003,67.050003,1572300.0,1572300.0,1.67001,2.554,66.139,"September 22, 20",0.02554,51.36724445312117
391,2020-09-21,65.559998,66.199997,62.299999,66.120003,66.120003,2118700.0,2118700.0,0.56001,0.854,64.87333,"September 21, 20",0.00854,51.01793787703626
392,2020-09-18,68.010002,68.440002,65.169998,67.0,67.0,2608900.0,2608900.0,-1.01,-1.485,66.87,"September 18, 20",-0.01485,51.36001762781415
393,2020-09-17,66.82,68.709999,65.150002,66.779999,66.779999,2860000.0,2860000.0,-0.04,-0.06,66.88,"September 17, 20",-0.0006,51.27998235264933
394,2020-09-16,65.510002,67.290001,65.407997,66.040001,66.040001,2231500.0,2231500.0,0.53,0.809,66.246,"September 16, 20",0.00809,51.01428363163416
395,2020-09-15,70.0,70.0,66.150002,66.919998,66.919998,3168300.0,3168300.0,-3.08,-4.4,67.69,"September 15, 20",-0.044,51.34058550371087
396,2020-09-14,67.5,69.650002,66.769997,67.480003,67.480003,3373600.0,3373600.0,-0.02,-0.03,67.96667,"September 14, 20",-0.0003,51.54620355846089
397,2020-09-11,61.452,65.279999,61.049999,65.129997,65.129997,2515200.0,2515200.0,3.678,5.985,63.82,"September 11, 20",0.05985,50.73478686711061
398,2020-09-10,62.0,62.279999,60.5,61.200001,61.200001,1751800.0,1751800.0,-0.8,-1.29,61.32667,"September 10, 20",-0.0129,49.34454105962321
399,2020-09-09,63.0,63.380001,60.599998,62.32,62.32,3406900.0,3406900.0,-0.68,-1.079,62.1,"September 09, 20",-0.01079,49.736534092718685
400,2020-09-08,60.16,61.0,58.689999,59.830002,59.830002,2887800.0,2887800.0,-0.33,-0.549,59.84,"September 08, 20",-0.00549,48.851251996851104
401,2020-09-04,59.279999,59.959999,54.099998,58.57,58.57,1985500.0,1985500.0,-0.71,-1.198,57.54333,"September 04, 20",-0.01198,48.40056763903682
402,2020-09-03,63.450001,63.669998,57.099998,59.279999,59.279999,2586000.0,2586000.0,-4.17,-6.572,60.01667,"September 03, 20",-0.06572,48.63722435744016
403,2020-09-02,56.009998,63.290001,54.959999,61.990002,61.990002,3892800.0,3892800.0,5.98,10.677,60.08,"September 02, 20",0.10677,49.5433573148299
404,2020-09-01,58.709999,60.529999,56.66,57.810001,57.810001,3575500.0,3575500.0,-0.9,-1.533,58.33333,"September 01, 20",-0.01533,48.08124718792743
405,2020-08-31,62.82,63.18,60.34,61.25,61.25,2217200.0,2217200.0,-1.57,-2.499,61.59,"August 31, 20",-0.02499,49.2318241375919
406,2020-08-28,65.040001,65.5,63.32,64.0,64.0,1764700.0,1764700.0,-1.04,-1.599,64.27333,"August 28, 20",-0.01599,50.172425260205095
407,2020-08-27,68.199997,68.690002,64.790001,65.589996,65.589996,1980500.0,1980500.0,-2.61,-3.827,66.35667,"August 27, 20",-0.03827,50.721512273921775
408,2020-08-26,70.0,70.0,67.050003,67.900002,67.900002,1711400.0,1711400.0,-2.1,-3.0,68.31667,"August 26, 20",-0.03,51.52435747233815
409,2020-08-25,70.07,70.5,68.209999,70.489998,70.489998,1576200.0,1576200.0,0.42,0.599,69.73333,"August 25, 20",0.00599,52.43633473136385
410,2020-08-24,76.989998,77.400002,69.75,70.849998,70.849998,3393900.0,3393900.0,-6.14,-7.975,72.66667,"August 24, 20",-0.07975,52.56306536075631
411,2020-08-21,71.769997,76.279999,70.339996,73.019997,73.019997,6290400.0,6290400.0,1.25,1.742,73.21333,"August 21, 20",0.01742,53.32436934220174
412,2020-08-20,66.08,70.29,64.08,66.27,66.27,2934936.0,2934936.0,0.19,0.288,66.88,"August 20, 20",0.00288,51.16836929500149
413,2020-08-19,67.419998,67.480003,65.010002,65.599998,65.599998,2326600.0,2326600.0,-1.82,-2.699,66.03,"August 19, 20",-0.02699,50.94796798606593
414,2020-08-18,69.690002,70.349998,67.059998,67.879997,67.879997,1905100.0,1905100.0,-1.81001,-2.597,68.43,"August 18, 20",-0.02597,51.72656223407484
415,2020-08-17,69.089996,71.356003,68.809998,70.260002,70.260002,1948000.0,1948000.0,1.17001,1.693,70.142,"August 17, 20",0.01693,52.54806751883495
416,2020-08-14,70.93,70.980003,68.019997,68.639999,68.639999,1862400.0,1862400.0,-2.29,-3.229,69.21333,"August 14, 20",-0.03229,52.03997810858522
417,2020-08-13,68.25,71.529999,67.304001,71.0,71.0,2390900.0,2390900.0,2.75,4.029,69.94467,"August 13, 20",0.04029,52.84783773865419
418,2020-08-12,70.889999,71.160004,66.120003,69.110001,69.110001,3253600.0,3253600.0,-1.78,-2.511,68.79667,"August 12, 20",-0.02511,52.26627090880101
419,2020-08-11,69.0,72.879997,66.510002,68.449997,68.449997,4032200.0,4032200.0,-0.55,-0.797,69.28,"August 11, 20",-0.00797,52.06393570165733
420,2020-08-10,77.0,77.278,70.900002,73.949997,73.949997,2830600.0,2830600.0,-3.05,-3.961,74.04267,"August 10, 20",-0.03961,53.93085523326619
421,2020-08-07,77.09,78.54,74.03,77.0,77.0,3038200.0,3038200.0,-0.09,-0.117,76.52333,"August 07, 20",-0.00117,55.00271101002243
422,2020-08-06,79.29,80.26,76.58,77.08,77.08,3175200.0,3175200.0,-2.21,-2.787,77.97333,"August 06, 20",-0.02787,55.03082489505476
423,2020-08-05,82.82,83.2,76.845,81.3,81.3,4084400.0,4084400.0,-1.52,-1.835,80.44833,"August 05, 20",-0.01835,56.52437952367598
424,2020-08-04,84.44,84.5,81.08,83.17,83.17,2410300.0,2410300.0,-1.27,-1.504,82.91667,"August 04, 20",-0.01504,57.19852739629881
425,2020-08-03,82.99,85.48,81.84,85.47,85.47,4866116.0,4866116.0,2.48,2.988,84.26333,"August 03, 20",0.02988,58.03279456768267
426,2020-07-31,86.0,86.95,80.85,82.11,82.11,2643000.0,2643000.0,-3.89,-4.523,83.30333,"July 31, 20",-0.04523,57.13777498952215
427,2020-07-30,79.05,84.88,78.0,84.16,84.16,3302800.0,3302800.0,5.11,6.464,82.34667,"July 30, 20",0.06464,57.875781188948025
428,2020-07-29,85.54,86.79,80.02,82.5,82.5,3846300.0,3846300.0,-3.04,-3.554,83.10333,"July 29, 20",-0.03554,57.43954341695046
429,2020-07-28,89.0,90.4,84.1,85.38,85.38,5108600.0,5108600.0,-3.62,-4.067,86.62667,"July 28, 20",-0.04067,58.46904708392313
430,2020-07-27,87.44,88.2,81.774,86.53,86.53,9992026.0,9992026.0,-0.91,-1.041,85.50133,"July 27, 20",-0.01041,58.88202907565646
431,2020-07-24,86.3,86.7,80.34,84.17,84.17,7109700.0,7109700.0,-2.13,-2.468,83.73667,"July 24, 20",-0.02468,58.28952620338083
432,2020-07-23,97.514,101.15,87.0,88.51,88.51,15899700.0,15899700.0,-9.004,-9.234,92.22,"July 23, 20",-0.09234,59.84363181807939
433,2020-07-22,99.19,104.99,93.65,104.17,104.17,13817800.0,13817800.0,4.98,5.021,100.93667,"July 22, 20",0.05021,66.07297044820042
434,2020-07-21,92.0,97.82,90.05,91.6,91.6,6034500.0,6034500.0,-0.4,-0.435,93.15667,"July 21, 20",-0.00435,63.04716230127144
435,2020-07-20,91.747,96.09,85.77,88.2,88.2,7790800.0,7790800.0,-3.547,-3.866,90.02,"July 20, 20",-0.03866,62.15240858161359
436,2020-07-17,76.54,86.4,76.42,85.25,85.25,5053500.0,5053500.0,8.71,11.38,82.69,"July 17, 20",0.1138,61.35680277504549
437,2020-07-16,80.5,80.5,74.56,75.87,75.87,2847900.0,2847900.0,-4.63,-5.752,76.97667,"July 16, 20",-0.05752,58.64809524963036
438,2020-07-15,86.08,87.58,76.8,78.0,78.0,3908700.0,3908700.0,-8.08,-9.387,80.79333,"July 15, 20",-0.09387,59.577433242703215
439,2020-07-14,82.57,85.0,78.0,83.88,83.88,4748700.0,4748700.0,1.31,1.587,82.29333,"July 14, 20",0.01587,62.24585206269235
440,2020-07-13,78.47,84.89,75.75,77.78,77.78,8529600.0,8529600.0,-0.69,-0.879,79.47333,"July 13, 20",-0.00879,60.4446778662685
441,2020-07-10,67.0,71.29,67.0,70.36,70.36,2874300.0,2874300.0,3.36,5.015,69.55,"July 10, 20",0.05015,58.05947657612755
442,2020-07-09,66.61,68.0,64.51,65.61,65.61,1186700.0,1186700.0,-1.0,-1.501,66.04,"July 09, 20",-0.01501,56.4104870137131
443,2020-07-08,67.21,68.58,66.46,67.56,67.56,1449600.0,1449600.0,0.35,0.521,67.53333,"July 08, 20",0.00521,57.31712844693952
444,2020-07-07,64.0,70.89,63.51,69.34,69.34,2264400.0,2264400.0,5.34,8.344,67.91333,"July 07, 20",0.08344,58.15323388965086
445,2020-07-06,65.59,66.9,64.33,65.51,65.51,1649400.0,1649400.0,-0.08,-0.122,65.58,"July 06, 20",-0.00122,56.825191638852765
446,2020-07-02,68.245,69.39,62.73,63.27,63.27,3926500.0,3926500.0,-4.975,-7.29,65.13,"July 02, 20",-0.0729,56.02530555539
447,2020-07-01,77.7,79.38,62.3,64.14,64.14,9879300.0,9879300.0,-13.56,-17.452,68.60667,"July 01, 20",-0.17452,56.423186039892336
448,2020-06-30,66.16,68.25,62.22,66.74,66.74,1979100.0,1979100.0,0.58,0.877,65.73667,"June 30, 20",0.00877,57.62167617259834
449,2020-06-29,65.68,71.38,64.12,65.8,65.8,4011400.0,4011400.0,0.12,0.183,67.1,"June 29, 20",0.00183,57.30032342026848
450,2020-06-26,56.63,63.37,56.5,62.13,62.13,2830700.0,2830700.0,5.5,9.712,60.66667,"June 26, 20",0.09712,56.0244311660786
451,2020-06-25,54.51,59.92,53.52,59.71,59.71,2406400.0,2406400.0,5.2,9.54,57.71667,"June 25, 20",0.0954,55.15857816304882
452,2020-06-24,53.0,55.35,51.81,54.73,54.73,1344500.0,1344500.0,1.73,3.264,53.96333,"June 24, 20",0.03264,53.30441221633711
453,2020-06-23,55.62,56.0,51.52,52.75,52.75,2142200.0,2142200.0,-2.87,-5.16,53.42333,"June 23, 20",-0.0516,52.53976514048603
454,2020-06-22,51.95,58.9,51.85,57.45,57.45,2678200.0,2678200.0,5.5,10.587,56.06667,"June 22, 20",0.10587,54.62041461652922
455,2020-06-19,50.9,51.58,49.91,51.36,51.36,735800.0,735800.0,0.46,0.904,50.95,"June 19, 20",0.00904,52.21757670229388
456,2020-06-18,49.86,51.59,49.83,50.94,50.94,691500.0,691500.0,1.08,2.166,50.78667,"June 18, 20",0.02166,52.04596488795441
457,2020-06-17,49.75,51.5,49.5,50.85,50.85,723000.0,723000.0,1.1,2.211,50.61667,"June 17, 20",0.02211,52.009769674632295
458,2020-06-16,51.0,51.5,49.09,49.9,49.9,901100.0,901100.0,-1.1,-2.157,50.16333,"June 16, 20",-0.02157,51.63211904237887
459,2020-06-15,48.72,51.17,48.29,50.85,50.85,1087500.0,1087500.0,2.13,4.372,50.10333,"June 15, 20",0.04372,52.03339730993415
460,2020-06-12,49.37,49.44,47.01,48.58,48.58,858800.0,858800.0,-0.79,-1.6,48.34333,"June 12, 20",-0.016,51.144258374819486
461,2020-06-11,49.0,49.19,47.07,48.6,48.6,1324800.0,1324800.0,-0.4,-0.816,48.28667,"June 11, 20",-0.00816,51.15244542181115
462,2020-06-10,47.8,47.999,46.55,47.41,47.41,913100.0,913100.0,-0.39,-0.816,47.31967,"June 10, 20",-0.00816,50.69220044102696
463,2020-06-09,47.8,48.1,46.87,47.79,47.79,970100.0,970100.0,-0.01,-0.021,47.58667,"June 09, 20",-0.00021,50.84211110248973
464,2020-06-08,49.22,49.241,47.42,48.78,48.78,1142400.0,1142400.0,-0.44,-0.894,48.48033,"June 08, 20",-0.00894,51.228909047486006
465,2020-06-05,49.8,50.23,48.5,49.18,49.18,768700.0,768700.0,-0.62,-1.245,49.30333,"June 05, 20",-0.01245,51.38369687403596
466,2020-06-04,50.45,51.86,49.7,50.0,50.0,623300.0,623300.0,-0.45,-0.892,50.52,"June 04, 20",-0.00892,51.697510110783526
467,2020-06-03,51.85,52.23,49.54,51.16,51.16,1379900.0,1379900.0,-0.69,-1.331,50.97667,"June 03, 20",-0.01331,52.13895700232672
468,2020-06-02,51.98,52.85,50.1,52.38,52.38,688500.0,688500.0,0.4,0.77,51.77667,"June 02, 20",0.0077,52.60191146984403
469,2020-06-01,50.0,53.21,49.54,52.3,52.3,1275800.0,1275800.0,2.3,4.6,51.68333,"June 01, 20",0.046,52.57485065439938
470,2020-05-29,48.19,49.53,47.16,49.53,49.53,760600.0,760600.0,1.34,2.781,48.74,"May 29, 20",0.02781,51.63793444917508
471,2020-05-28,48.34,50.11,46.753,46.87,46.87,1107900.0,1107900.0,-1.47,-3.041,47.911,"May 28, 20",-0.03041,50.72176644984829
472,2020-05-27,49.53,50.22,46.3,47.59,47.59,1810200.0,1810200.0,-1.94,-3.917,48.03667,"May 27, 20",-0.03917,50.97793715871122
473,2020-05-26,52.4,52.55,49.34,50.88,50.88,1511100.0,1511100.0,-1.52,-2.901,50.92333,"May 26, 20",-0.02901,52.15755630467441
474,2020-05-22,52.15,52.61,50.76,51.03,51.03,941600.0,941600.0,-1.12,-2.148,51.46667,"May 22, 20",-0.02148,52.21153811929509
475,2020-05-21,54.1,54.2,51.145,51.9,51.9,1094300.0,1094300.0,-2.2,-4.067,52.415,"May 21, 20",-0.04067,52.52050591469272
476,2020-05-20,53.21,53.72,51.62,53.04,53.04,1979300.0,1979300.0,-0.17,-0.319,52.79333,"May 20, 20",-0.00319,52.92266707349814
477,2020-05-19,57.0,57.94,49.95,50.59,50.59,3612100.0,3612100.0,-6.41,-11.246,52.82667,"May 19, 20",-0.11246,52.15099742159403
478,2020-05-18,54.74,60.43,50.6,60.17,60.17,5017200.0,5017200.0,5.43,9.92,57.06667,"May 18, 20",0.0992,55.64627068017786
479,2020-05-15,48.51,49.74,48.2,49.49,49.49,793800.0,793800.0,0.98,2.02,49.14333,"May 15, 20",0.0202,52.1419370086669
480,2020-05-14,48.56,49.08,45.08,48.66,48.66,1099100.0,1099100.0,0.1,0.206,47.60667,"May 14, 20",0.00206,51.8522129528292
481,2020-05-13,50.5,50.89,47.43,48.49,48.49,1468800.0,1468800.0,-2.01,-3.98,48.93667,"May 13, 20",-0.0398,51.79363546742426
482,2020-05-12,50.4,52.12,49.2,49.33,49.33,1910200.0,1910200.0,-1.07,-2.123,50.21667,"May 12, 20",-0.02123,52.10057537167272
483,2020-05-11,49.61,50.79,47.914,49.98,49.98,1879200.0,1879200.0,0.37,0.746,49.56133,"May 11, 20",0.00746,52.3357745279726
484,2020-05-08,49.16,49.888,48.208,49.24,49.24,697900.0,697900.0,0.08,0.163,49.112,"May 08, 20",0.00163,52.09449353315076
485,2020-05-07,49.26,49.5,48.35,49.32,49.32,815300.0,815300.0,0.06,0.122,49.05667,"May 07, 20",0.00122,52.12244725993222
486,2020-05-06,50.14,50.2,47.5,47.78,47.78,889400.0,889400.0,-2.36,-4.707,48.49333,"May 06, 20",-0.04707,51.63283152204778
487,2020-05-05,48.41,50.375,47.706,50.0,50.0,2604800.0,2604800.0,1.59,3.284,49.36033,"May 05, 20",0.03284,52.38971281749013
488,2020-05-04,45.2,47.47,44.36,45.78,45.78,784900.0,784900.0,0.58,1.283,45.87,"May 04, 20",0.01283,51.053078000947416
489,2020-05-01,46.0,46.99,43.0,45.11,45.11,874600.0,874600.0,-0.89,-1.935,45.03333,"May 01, 20",-0.01935,50.83833104632194
490,2020-04-30,49.21,49.22,46.02,47.48,47.48,1032900.0,1032900.0,-1.73,-3.516,47.57333,"April 30, 20",-0.03516,51.6234735147836
491,2020-04-29,48.0,49.7,46.13,49.25,49.25,1766400.0,1766400.0,1.25,2.604,48.36,"April 29, 20",0.02604,52.21366420158936
492,2020-04-28,48.6,48.98,44.8,45.83,45.83,1511200.0,1511200.0,-2.77,-5.7,46.53667,"April 28, 20",-0.057,51.15628009916907
493,2020-04-27,48.89,50.25,48.16,49.4,49.4,1183300.0,1183300.0,0.51,1.043,49.27,"April 27, 20",0.01043,52.34106577053316
494,2020-04-24,51.24,51.49,47.6,47.75,47.75,1832400.0,1832400.0,-3.49,-6.811,48.94667,"April 24, 20",-0.06811,51.835815150757576
495,2020-04-23,58.0,58.0,49.22,50.0,50.0,4271200.0,4271200.0,-8.0,-13.793,52.40667,"April 23, 20",-0.13793,52.580742454043744
496,2020-04-22,54.44,55.85,45.2,53.5,53.5,10871100.0,10871100.0,-0.94,-1.727,51.51667,"April 22, 20",-0.01727,53.75846342603513
497,2020-04-21,45.27,45.9,39.8,42.26,42.26,1507200.0,1507200.0,-3.01,-6.649,42.65333,"April 21, 20",-0.06649,50.25159737635839
498,2020-04-20,41.49,45.9,41.0,43.37,43.37,1278800.0,1278800.0,1.88,4.531,43.42333,"April 20, 20",0.04531,50.62314870463741
499,2020-04-17,40.3,41.707,38.875,40.81,40.81,1008300.0,1008300.0,0.51,1.266,40.464,"April 17, 20",0.01266,49.783970138377455
500,2020-04-16,38.76,39.26,37.0,38.79,38.79,849400.0,849400.0,0.03,0.077,38.35,"April 16, 20",0.00077,49.115231722941004
501,2020-04-15,40.9,41.24,38.13,38.58,38.58,980600.0,980600.0,-2.32,-5.672,39.31667,"April 15, 20",-0.05672,49.04609873300696
502,2020-04-14,43.82,43.98,41.4,41.63,41.63,863900.0,863900.0,-2.19,-4.998,42.33667,"April 14, 20",-0.04998,50.01323826268843
503,2020-04-13,46.02,46.39,41.0,41.71,41.71,880700.0,880700.0,-4.31,-9.365,43.03333,"April 13, 20",-0.09365,50.03860157992677
504,2020-04-09,52.01,53.0,45.0,45.41,45.41,1483000.0,1483000.0,-6.6,-12.69,47.80333,"April 09, 20",-0.1269,51.215836571351765
505,2020-04-08,48.1,48.1,44.51,44.95,44.95,819800.0,819800.0,-3.15,-6.549,45.85333,"April 08, 20",-0.06549,51.07559857359305
506,2020-04-07,50.0,50.2,44.0,45.6,45.6,1461700.0,1461700.0,-4.4,-8.8,46.6,"April 07, 20",-0.088,51.27973202959359
507,2020-04-06,55.5,55.6,52.4,52.73,52.73,331000.0,331000.0,-2.77,-4.991,53.57667,"April 06, 20",-0.04991,53.58181179077
508,2020-04-03,57.98,57.98,52.01,52.75,52.75,227300.0,227300.0,-5.23,-9.02,54.24667,"April 03, 20",-0.0902,53.58842499834029
509,2020-04-02,55.5,56.93,53.0,56.91,56.91,245700.0,245700.0,1.41,2.541,55.61333,"April 02, 20",0.02541,54.97142168377693
510,2020-04-01,56.35,58.195,52.48,52.92,52.92,259100.0,259100.0,-3.43,-6.087,54.53167,"April 01, 20",-0.06087,53.85196049141492
511,2020-03-31,59.86,62.0,57.0,58.4,58.4,243300.0,243300.0,-1.46,-2.439,59.13333,"March 31, 20",-0.02439,55.71635245852941
512,2020-03-30,60.0,64.45,59.04,62.0,62.0,591200.0,591200.0,2.0,3.333,61.83,"March 30, 20",0.03333,56.98650459133827
513,2020-03-27,54.83,55.4,51.32,55.0,55.0,246200.0,246200.0,0.17,0.31,53.90667,"March 27, 20",0.0031,55.03312151664476
514,2020-03-26,52.0,55.75,50.0,55.0,55.0,471600.0,471600.0,3.0,5.769,53.58333,"March 26, 20",0.05769,55.03312151664476
515,2020-03-25,53.63,53.685,47.2,47.2,47.2,333200.0,333200.0,-6.43,-11.99,49.36167,"March 25, 20",-0.1199,52.73612284956387
516,2020-03-24,58.9,58.99,48.02,53.64,53.64,579700.0,579700.0,-5.26,-8.93,53.55,"March 24, 20",-0.0893,55.00978149530886
517,2020-03-23,59.0,59.98,50.31,51.31,51.31,994100.0,994100.0,-7.69,-13.034,53.86667,"March 23, 20",-0.13034,54.31135374787869
518,2020-03-20,54.95,55.0,43.66,46.5,46.5,1174000.0,1174000.0,-8.45,-15.378,48.38667,"March 20, 20",-0.15378,52.82990946150548
519,2020-03-19,83.2,83.329,59.0,59.3,59.3,1598500.0,1598500.0,-23.9,-28.726,67.20967,"March 19, 20",-0.28726,57.70989194690279
520,2020-03-18,90.39,105.0,82.209,92.0,92.0,3027000.0,3027000.0,1.61,1.781,93.06967,"March 18, 20",0.01781,75.07084485640752
521,2020-03-17,65.0,76.0,56.01,66.6,66.6,2939800.0,2939800.0,1.6,2.462,66.20333,"March 17, 20",0.02462,67.66646864385572
522,2020-03-16,49.36,52.8,38.0,40.0,40.0,1935900.0,1935900.0,-9.36,-18.963,43.6,"March 16, 20",-0.18963,53.48844146369928
523,2020-03-13,30.0,31.98,29.19,30.93,30.93,197600.0,197600.0,0.93,3.1,30.7,"March 13, 20",0.031,45.503257308534
524,2020-03-12,28.99,30.395,28.0,28.55,28.55,184100.0,184100.0,-0.44,-1.518,28.98167,"March 12, 20",-0.01518,42.9861595329704
525,2020-03-11,33.4,34.095,31.0,32.17,32.17,119000.0,119000.0,-1.23,-3.683,32.42167,"March 11, 20",-0.03683,46.16446030016913
526,2020-03-10,35.08,35.83,31.452,33.96,33.96,327500.0,327500.0,-1.12,-3.193,33.74733,"March 10, 20",-0.03193,47.87996006246328
527,2020-03-09,35.15,35.9,32.4,33.48,33.48,190200.0,190200.0,-1.67,-4.751,33.92667,"March 09, 20",-0.04751,47.36595914418792
528,2020-03-06,37.62,40.946,35.61,38.09,38.09,279200.0,279200.0,0.47,1.249,38.21533,"March 06, 20",0.01249,52.21234659007652
529,2020-03-05,37.71,38.06,35.64,37.12,37.12,77000.0,77000.0,-0.59,-1.565,36.94,"March 05, 20",-0.01565,51.18237480411936
530,2020-03-04,39.0,39.3,38.0,39.19,39.19,127100.0,127100.0,0.19,0.487,38.83,"March 04, 20",0.00487,53.598310730352615
531,2020-03-03,36.65,40.998,36.6,38.48,38.48,297900.0,297900.0,1.83,4.993,38.69267,"March 03, 20",0.04993,52.85021220147591
532,2020-03-02,35.01,36.6,34.0,36.6,36.6,185100.0,185100.0,1.59,4.542,35.73333,"March 02, 20",0.04542,50.791524371349134
533,2020-02-28,33.4,35.1,32.85,35.1,35.1,234400.0,234400.0,1.7,5.09,34.35,"February 28, 20",0.0509,49.05213741504642
534,2020-02-27,31.45,33.97,31.049,33.88,33.88,112400.0,112400.0,2.43,7.727,32.96633,"February 27, 20",0.07727,47.5751102935836
535,2020-02-26,31.85,34.39,31.55,33.75,33.75,213300.0,213300.0,1.9,5.965,33.23,"February 26, 20",0.05965,47.415916398761546
536,2020-02-25,30.0,33.96,30.0,33.44,33.44,201500.0,201500.0,3.44,11.467,32.46667,"February 25, 20",0.11467,47.04009587779651
537,2020-02-24,30.0,31.1,29.14,30.6,30.6,148400.0,148400.0,0.6,2.0,30.28,"February 24, 20",0.02,43.40883422968247
538,2020-02-21,31.8,32.46,31.27,32.35,32.35,158700.0,158700.0,0.55,1.73,32.02667,"February 21, 20",0.0173,45.28382547794359
539,2020-02-20,31.72,32.58,31.005,32.38,32.38,152200.0,152200.0,0.66,2.081,31.98833,"February 20, 20",0.02081,45.31670979103028
540,2020-02-19,31.5,32.29,30.75,32.25,32.25,253800.0,253800.0,0.75,2.381,31.76333,"February 19, 20",0.02381,45.14755284044829
541,2020-02-18,30.49,31.54,30.26,31.54,31.54,66200.0,66200.0,1.05,3.444,31.11333,"February 18, 20",0.03444,44.22408238421762
542,2020-02-14,31.0,31.57,29.72,30.75,30.75,128700.0,128700.0,-0.25,-0.806,30.68,"February 14, 20",-0.00806,43.18100785022948
543,2020-02-13,29.51,30.64,29.08,30.64,30.64,107100.0,107100.0,1.13,3.829,30.12,"February 13, 20",0.03829,43.03564163003248
544,2020-02-12,30.0,31.1,29.0,29.56,29.56,157700.0,157700.0,-0.44,-1.467,29.88667,"February 12, 20",-0.01467,41.59798575306139
545,2020-02-11,31.48,31.48,29.8,30.71,30.71,175300.0,175300.0,-0.77,-2.446,30.66333,"February 11, 20",-0.02446,42.72314796960736
546,2020-02-10,30.99,32.15,30.11,32.12,32.12,121700.0,121700.0,1.13,3.646,31.46,"February 10, 20",0.03646,44.15831578672556
547,2020-02-07,31.88,32.49,30.07,30.88,30.88,166700.0,166700.0,-1.0,-3.137,31.14667,"February 07, 20",-0.03137,42.49342562234736
548,2020-02-06,32.0,32.93,29.68,32.93,32.93,387400.0,387400.0,0.93,2.906,31.84667,"February 06, 20",0.02906,44.650220997859634
549,2020-02-05,34.0,34.0,28.69,29.25,29.25,405000.0,405000.0,-4.75,-13.971,30.64667,"February 05, 20",-0.13971,39.22342555087452
550,2020-02-04,29.17,32.92,29.17,32.92,32.92,137600.0,137600.0,3.75,12.856,31.67,"February 04, 20",0.12856,43.38027380523139
551,2020-02-03,29.8,30.69,28.78,30.27,30.27,177600.0,177600.0,0.47,1.577,29.91333,"February 03, 20",0.01577,38.78990488085317
552,2020-01-31,30.36,30.95,28.5,29.21,29.21,138700.0,138700.0,-1.15,-3.788,29.55333,"January 31, 20",-0.03788,36.78074132497969
553,2020-01-30,30.7,31.19,28.58,29.9,29.9,228600.0,228600.0,-0.8,-2.606,29.89,"January 30, 20",-0.02606,37.56737473087448
554,2020-01-29,33.95,33.95,31.74,31.8,31.8,184200.0,184200.0,-2.15,-6.333,32.49667,"January 29, 20",-0.06333,39.86834327835047
555,2020-01-28,34.04,34.83,32.6,34.22,34.22,165200.0,165200.0,0.18,0.529,33.88333,"January 28, 20",0.00529,43.16866513534256
556,2020-01-27,33.24,34.535,32.75,33.2,33.2,120000.0,120000.0,-0.04,-0.12,33.495,"January 27, 20",-0.0012,41.15662537183706
557,2020-01-24,35.32,35.9,33.566,34.99,34.99,209700.0,209700.0,-0.33,-0.934,34.81867,"January 24, 20",-0.00934,43.825018054028746
558,2020-01-23,37.21,37.55,35.31,36.7,36.7,192900.0,192900.0,-0.51,-1.371,36.52,"January 23, 20",-0.01371,46.65703796517561
559,2020-01-22,37.61,39.03,36.75,38.88,38.88,318200.0,318200.0,1.27,3.377,38.22,"January 22, 20",0.03377,50.75470807528354
560,2020-01-21,33.79,36.54,33.513,36.54,36.54,264500.0,264500.0,2.75,8.139,35.531,"January 21, 20",0.08139,45.74204279048313
561,2020-01-17,33.05,33.6,30.33,33.18,33.18,615100.0,615100.0,0.13,0.393,32.37,"January 17, 20",0.00393,36.67102681316581
562,2020-01-16,35.75,35.9,31.275,32.25,32.25,692100.0,692100.0,-3.5,-9.79,33.14167,"January 16, 20",-0.0979,33.6627361582298
563,2020-01-15,35.3,39.85,33.6,34.55,34.55,361000.0,361000.0,-0.75,-2.125,36.0,"January 15, 20",-0.02125,38.042575980872094
564,2020-01-14,35.3,35.475,33.22,34.53,34.53,266300.0,266300.0,-0.77,-2.181,34.40833,"January 14, 20",-0.02181,37.97380389480089
565,2020-01-13,41.01,41.32,35.26,37.83,37.83,459400.0,459400.0,-3.18,-7.754,38.13667,"January 13, 20",-0.07754,46.28046701257688
566,2020-01-10,44.99,44.99,38.21,39.68,39.68,369100.0,369100.0,-5.31,-11.803,40.96,"January 10, 20",-0.11803,52.60210269110311
567,2020-01-09,46.55,46.71,42.71,43.27,43.27,234900.0,234900.0,-3.28,-7.046,44.23,"January 09, 20",-0.07046,71.06134954429102
568,2020-01-08,44.3,46.33,44.18,45.1,45.1,193900.0,193900.0,0.8,1.806,45.20333,"January 08, 20",0.01806,86.16679467010879
569,2020-01-07,47.4,48.85,41.18,43.34,43.34,562100.0,562100.0,-4.06,-8.565,44.45667,"January 07, 20",-0.08565,82.70094112460623
570,2020-01-06,40.11,45.0,40.1,44.58,44.58,333300.0,333300.0,4.47,11.144,43.22667,"January 06, 20",0.11144,100.0
571,2020-01-03,38.0,41.25,36.42,40.05,40.05,176000.0,176000.0,2.05,5.395,39.24,"January 03, 20",0.05395,100.0
572,2020-01-02,35.75,38.5,35.36,38.5,38.5,139500.0,139500.0,2.75,7.692,37.45333,"January 02, 20",0.07692,0.0
