date,open,high,low,close,volume,rsi
2022-04-08,181.33,183.19,180.43,182.12,7144703.0,58.00721735907614
2022-04-07,181.67,182.95,180.23,181.76,7385291.0,57.80080915123356
2022-04-06,179.39,182.6,178.62,182.23,9991790.0,58.16661236195106
2022-04-05,176.47,179.65,176.29,177.61,7279617.0,55.450640590601836
2022-04-04,178.19,178.19,175.52,176.47,6595724.0,54.74007362777758
2022-04-01,177.05,178.43,175.6,178.19,6525434.0,56.062232386911425
2022-03-31,179.59,180.21,176.98,177.23,11489920.0,55.473983747164304
2022-03-30,178.44,179.86,177.68,179.59,5912157.0,57.32290309288661
2022-03-29,178.62,179.4,176.8,177.74,5933914.0,56.20146846384825
2022-03-28,176.65,178.179,176.35,177.83,5230611.0,56.2719650410763
2022-03-25,175.69,177.7,175.22,176.92,4809718.0,55.72161744345246
2022-03-24,175.0,175.54,174.07,175.24,4724129.0,54.68988705269382
2022-03-23,175.23,175.54,174.09,174.34,5098142.0,54.12874292757066
2022-03-22,175.83,176.37,173.91,175.0,8441962.0,54.61483371830581
2022-03-21,174.66,177.16,174.32,175.83,6179140.0,55.226048223490714
2022-03-18,177.0,177.0,173.66,174.84,13809824.0,54.63256224005671
2022-03-17,175.21,176.84,174.2,176.8,7472258.0,56.074673423428685
2022-03-16,175.46,176.95,172.56,174.52,9412693.0,54.711859648327845
2022-03-15,173.33,176.52,172.55,176.14,10555153.0,55.91993611808134
2022-03-14,170.68,174.12,170.35,171.69,7535962.0,53.13419944908461
2022-03-11,169.13,171.46,169.02,169.35,4803878.0,51.55653376944622
2022-03-10,168.56,170.15,168.075,169.66,5775152.0,51.782850574912224
2022-03-09,170.01,170.23,167.89,169.36,6953110.0,51.5812777165669
2022-03-08,172.04,173.12,168.51,168.72,10580466.0,51.154363030442475
2022-03-07,168.3,173.12,167.36,172.21,11152566.0,53.68391422169018
2022-03-04,167.64,169.86,166.85,169.48,6019248.0,51.859014242817096
2022-03-03,166.7,169.334,166.37,168.48,5944401.0,51.168341817912264
2022-03-02,164.41,167.61,164.06,166.04,6793363.0,49.43359905552215
2022-03-01,163.04,164.75,162.4079,164.0,8388221.0,47.91762844979879
2022-02-28,162.87,165.18,162.3802,164.57,7960035.0,48.31424855905078
2022-02-25,160.0,166.985,159.7,166.0,10784034.0,49.31787248222318
2022-02-24,159.78,160.13,155.72,158.14,9907684.0,42.93231836741063
2022-02-23,161.51,162.64,160.85,161.22,8016601.0,45.115150874130656
2022-02-22,163.575,163.74,160.44,161.14,6490554.0,45.044026850056326
2022-02-18,164.979996,165.360001,162.940002,163.360001,6422200.0,46.68942745501091
2022-02-17,167.210007,167.449997,164.919998,166.190002,6227600.0,48.92195993637466
2022-02-16,166.490005,167.839996,165.710007,167.210007,8482400.0,49.7624307005431
2022-02-15,166.130005,168.100006,166.009995,167.309998,6632800.0,49.844697085085535
2022-02-14,167.710007,167.970001,163.809998,165.600006,8967600.0,48.41547572654724
2022-02-11,169.119995,170.149994,167.539993,167.710007,13124800.0,50.14334383975909
2022-02-10,171.210007,171.220001,169.300003,169.419998,10355300.0,51.60607479807553
2022-02-09,172.070007,172.240005,171.25,171.490005,5387500.0,53.45598903969934
2022-02-08,171.020004,172.050003,170.479996,171.509995,6296100.0,53.47413005342856
2022-02-07,171.410004,171.740005,170.009995,171.059998,6065700.0,53.12317925701428
2022-02-04,171.0,172.979996,170.119995,171.630005,6391900.0,53.62531161078528
2022-02-03,172.259995,173.619995,171.039993,172.759995,6240400.0,54.6284797919468
2022-02-02,169.649994,172.990005,169.649994,172.770004,7382800.0,54.63735208193785
2022-02-01,171.740005,171.979996,169.429993,170.880005,8154700.0,53.2317423191888
2022-01-31,171.5,172.619995,170.820007,172.289993,8054800.0,54.46561019950507
2022-01-28,170.860001,171.839996,169.300003,171.789993,9783100.0,54.095841048648346
2022-01-27,169.389999,171.910004,169.0,170.589996,9066700.0,53.20201178267054
2022-01-26,167.539993,169.220001,166.229996,168.380005,9963200.0,51.49748750104538
2022-01-25,162.360001,168.410004,161.580002,167.630005,14081200.0,50.902743503701515
2022-01-24,164.0,164.169998,158.259995,162.970001,14054600.0,46.94110213961983
2022-01-21,166.190002,167.990005,164.470001,164.869995,10550300.0,48.50495561622037
2022-01-20,167.289993,167.860001,164.929993,165.25,6011300.0,48.82376951149959
2022-01-19,167.199997,168.720001,166.320007,166.580002,5926500.0,49.94986311396223
2022-01-18,167.100006,167.720001,166.009995,167.100006,7815600.0,50.39522499122641
2022-01-14,168.630005,168.649994,167.149994,167.839996,5847700.0,51.02974804065356
2022-01-13,169.0,170.419998,168.460007,168.759995,6159400.0,51.82477716371223
2022-01-12,169.610001,170.080002,168.339996,169.789993,8116200.0,52.72605775036298
2022-01-11,172.990005,173.389999,170.110001,171.25,8341100.0,54.031366215691136
2022-01-10,173.690002,173.690002,172.160004,173.089996,7698400.0,55.7355165358975
2022-01-07,171.460007,174.300003,171.130005,173.949997,6984900.0,56.552516504085006
2022-01-06,172.149994,172.5,170.800003,171.630005,7301600.0,54.800923602511105
2022-01-05,172.0,173.470001,171.619995,172.220001,7016100.0,55.35712326159427
2022-01-04,171.059998,172.289993,170.600006,171.080002,6748400.0,54.48233223260979
2022-01-03,170.210007,171.600006,169.100006,171.539993,6012200.0,54.90779058790509
2021-12-31,172.529999,172.679993,171.029999,171.070007,4409500.0,54.552426341050946
2021-12-30,172.119995,172.880005,171.75,172.309998,4231800.0,55.68714142606346
2021-12-29,170.0,171.990005,169.910004,171.550003,3662000.0,55.126505497862475
2021-12-28,169.789993,170.639999,169.589996,170.350006,3187000.0,54.2304744243142
2021-12-27,169.139999,169.850006,168.699997,169.669998,3704800.0,53.71724407710587
2021-12-23,167.880005,168.949997,167.360001,168.25,3501500.0,52.63022535937855
2021-12-22,167.059998,168.169998,166.119995,167.929993,4178200.0,52.38323756263018
2021-12-21,168.059998,168.100006,165.979996,167.210007,7954200.0,51.8294458286597
2021-12-20,167.809998,168.509995,166.550003,167.75,7954500.0,52.27631638162252
2021-12-17,169.639999,170.779999,167.660004,168.229996,16726200.0,52.671919660634714
2021-12-16,171.259995,173.509995,170.839996,173.009995,8998600.0,56.87212605730225
2021-12-15,169.850006,171.300003,169.419998,171.139999,8552200.0,55.512018886176115
2021-12-14,168.330002,170.970001,167.160004,170.289993,10482400.0,54.878135295404356
2021-12-13,164.75,169.199997,163.800003,168.449997,11142300.0,53.47174941099489
2021-12-10,165.570007,166.690002,164.649994,165.490005,6571900.0,51.067295751134694
2021-12-09,164.179993,165.979996,163.490005,165.899994,8574200.0,51.42804668188293
2021-12-08,163.470001,164.570007,162.639999,164.339996,6216400.0,50.11396767898244
2021-12-07,164.0,164.270004,162.410004,163.360001,8311300.0,49.26900964115472
2021-12-06,160.190002,163.520004,159.830002,162.940002,9692000.0,48.90552961393779
2021-12-03,157.910004,159.669998,157.589996,159.380005,8750200.0,45.67214615919172
2021-12-02,157.259995,159.289993,156.75,157.089996,11334700.0,43.414791145282614
2021-12-01,156.880005,160.080002,156.25,158.080002,9835800.0,44.19274713566177
2021-11-30,158.509995,159.0,155.850006,155.929993,14981700.0,41.98004355564188
2021-11-29,159.5,160.419998,158.419998,159.75,9188500.0,45.093143486397416
2021-11-26,160.600006,161.160004,158.660004,159.199997,8523100.0,44.512550324602074
2021-11-24,160.139999,160.619995,159.380005,160.240005,5230900.0,45.40220189317077
2021-11-23,159.520004,161.0,158.779999,160.690002,7734000.0,45.79027156597457
2021-11-22,161.029999,162.639999,159.649994,159.699997,7634500.0,44.77251980450819
2021-11-19,163.039993,163.190002,161.779999,162.889999,7620700.0,47.594134493758716
2021-11-18,163.449997,164.470001,162.130005,162.399994,6358700.0,47.09220646023582
2021-11-17,162.869995,163.860001,161.789993,163.279999,5414500.0,47.89963569260397
2021-11-16,163.179993,164.350006,162.619995,162.669998,7594700.0,47.28565355187581
2021-11-15,165.0,165.460007,163.220001,163.520004,7496200.0,48.05905996772378
2021-11-12,167.429993,167.619995,164.610001,165.009995,18982100.0,49.448432251567525
2021-11-11,163.490005,163.809998,162.490005,163.059998,4118800.0,47.5018920173788
2021-11-10,162.529999,164.839996,162.350006,164.270004,6225100.0,48.64085500874533
2021-11-09,162.610001,163.589996,162.020004,162.509995,6112800.0,46.82336081937665
2021-11-08,163.679993,164.169998,162.009995,162.869995,5578800.0,47.15788169302809
2021-11-05,162.479996,164.600006,162.199997,163.429993,6214600.0,47.677136897187154
2021-11-04,164.940002,164.990005,162.669998,164.600006,8224400.0,48.77682722087306
2021-11-03,165.039993,165.770004,163.429993,165.059998,6717800.0,49.214184334871526
2021-11-02,163.699997,166.979996,162.979996,165.589996,8450600.0,49.71754860183644
2021-11-01,163.160004,163.979996,159.399994,163.020004,5846400.0,47.1487443150047
2021-10-29,162.350006,163.25,160.610001,162.880005,8526400.0,47.00420859352826
2021-10-28,163.770004,165.199997,162.320007,162.850006,6278800.0,46.97375639395534
2021-10-27,165.679993,165.759995,163.309998,163.740005,7018800.0,47.77185809278117
2021-10-26,164.559998,166.029999,164.050003,165.75,6939100.0,49.638464788601496
2021-10-25,163.720001,164.309998,161.710007,164.080002,6715400.0,47.98357830658623
2021-10-22,163.059998,164.059998,162.960007,163.720001,4304300.0,47.61995733114759
2021-10-21,164.300003,164.389999,162.279999,163.399994,4524100.0,47.29902836001239
2021-10-20,163.979996,164.75,163.259995,163.779999,6003200.0,47.63869968313817
2021-10-19,160.899994,165.149994,160.729996,163.869995,10081300.0,47.718233347452994
2021-10-18,160.25,160.889999,159.199997,160.119995,7465500.0,43.89314798010567
2021-10-15,161.029999,161.809998,160.410004,161.300003,6912500.0,44.90630786683078
2021-10-14,159.710007,161.139999,159.600006,160.110001,4579200.0,43.62015087729683
2021-10-13,157.820007,160.080002,157.75,159.199997,6901100.0,42.616222044260994
2021-10-12,160.0,160.179993,157.339996,157.690002,6686400.0,40.90507436665823
2021-10-11,160.860001,161.850006,159.940002,160.25,4101600.0,43.03730209068366
2021-10-08,161.320007,161.610001,160.25,160.929993,4343200.0,43.62930741126192
2021-10-07,160.020004,162.610001,160.020004,161.339996,5309200.0,43.9868369867613
2021-10-06,159.869995,159.949997,157.839996,159.910004,7312600.0,42.37272222977609
2021-10-05,159.860001,161.110001,159.149994,159.580002,5129000.0,41.99469676871754
2021-10-04,159.990005,161.0,157.669998,159.220001,8620700.0,41.585030399315464
2021-10-01,161.529999,161.899994,158.619995,160.470001,8568300.0,42.609022398088705
2021-09-30,164.639999,165.399994,161.410004,161.5,6972300.0,43.47346601592701
2021-09-29,163.0,164.660004,162.779999,164.020004,5124100.0,45.696297923303085
2021-09-28,163.100006,163.910004,161.770004,162.809998,7610400.0,44.35754318059065
2021-09-27,164.0,164.360001,162.850006,163.169998,5775500.0,44.67869703323513
2021-09-24,164.75,165.649994,163.889999,164.360001,4399300.0,45.75175970133652
2021-09-23,164.399994,165.770004,164.149994,164.860001,4697900.0,46.20873921342207
2021-09-22,165.350006,165.949997,163.630005,163.929993,5657100.0,45.211215219626546
2021-09-21,164.610001,165.979996,164.240005,164.529999,6663600.0,45.7475981008758
2021-09-20,163.479996,165.169998,162.169998,163.809998,7270800.0,44.97996593369524
2021-09-17,164.300003,164.910004,163.559998,164.75,13419800.0,45.8092612970972
2021-09-16,165.649994,166.460007,164.190002,165.220001,5665400.0,46.22688081263198
2021-09-15,165.0,165.960007,164.309998,165.419998,7935300.0,46.40329238346014
2021-09-14,166.399994,166.539993,164.509995,164.800003,5259600.0,45.77461783280387
2021-09-13,167.919998,168.119995,165.130005,165.800003,6273500.0,46.639342962084754
2021-09-10,168.550003,169.089996,166.869995,166.970001,6696100.0,47.67193149110522
2021-09-09,171.190002,171.479996,167.699997,168.070007,7114600.0,48.66464619173968
2021-09-08,171.619995,172.979996,171.080002,171.899994,4661700.0,52.38696221654953
2021-09-07,174.350006,175.029999,171.669998,172.320007,6859900.0,52.82117160557888
2021-09-03,175.100006,175.220001,173.809998,175.039993,4096900.0,55.75396710219457
2021-09-02,174.339996,175.190002,173.910004,174.929993,4544300.0,55.65638797958372
2021-09-01,172.899994,173.740005,172.059998,173.740005,5327400.0,54.59477961603793
2021-08-31,173.490005,174.490005,172.479996,173.130005,7106800.0,54.04205707565425
2021-08-30,172.789993,174.279999,172.779999,173.660004,3252700.0,54.60807415932555
2021-08-27,174.279999,174.279999,172.75,172.929993,7044400.0,53.95713494187511
2021-08-26,173.949997,174.720001,173.050003,173.300003,5031600.0,54.344236979205824
2021-08-25,175.690002,175.899994,173.889999,174.229996,5700300.0,55.3218467624633
2021-08-24,176.990005,177.210007,175.279999,175.389999,5734800.0,56.56570461836749
2021-08-23,178.389999,178.929993,177.539993,177.610001,6461700.0,59.05604536496803
2021-08-20,178.889999,179.919998,178.070007,179.440002,5425300.0,61.2338617426763
2021-08-19,176.619995,179.330002,176.070007,178.570007,5615000.0,60.55617748183224
2021-08-18,179.5,179.5,177.130005,177.190002,7134100.0,59.454361723317454
2021-08-17,177.309998,179.509995,177.309998,179.470001,6041900.0,62.27076103317808
2021-08-16,176.550003,177.889999,175.949997,177.839996,4782800.0,60.97558973174129
2021-08-13,175.289993,176.289993,175.119995,176.25,5881600.0,59.65152422588231
2021-08-12,173.820007,175.289993,173.589996,175.199997,4300400.0,58.74565948554417
2021-08-11,174.25,174.470001,173.559998,173.800003,4221300.0,57.498854388239145
2021-08-10,173.259995,174.110001,172.779999,173.770004,3678300.0,57.47186382488613
2021-08-09,173.720001,174.25,172.929993,173.710007,3950200.0,57.41886363899146
2021-08-06,173.940002,173.940002,172.449997,173.110001,4580600.0,56.89235257842448
2021-08-05,173.850006,173.850006,172.419998,173.690002,4291000.0,57.56666403659702
2021-08-04,174.199997,174.589996,173.259995,173.360001,4793100.0,57.28436715492393
2021-08-03,172.729996,174.5,172.440002,174.389999,6033000.0,58.474268355430226
2021-08-02,172.470001,172.839996,171.300003,172.270004,3721500.0,56.65831318277822
2021-07-30,172.539993,172.979996,171.839996,172.199997,5346400.0,56.596888715407566
2021-07-29,172.740005,173.339996,171.089996,172.179993,4214100.0,56.57965692933035
2021-07-28,172.729996,173.380005,172.080002,172.179993,5750700.0,56.57965692933035
2021-07-27,171.800003,172.720001,170.669998,172.660004,7089300.0,57.10211096852692
2021-07-26,171.820007,172.139999,170.860001,171.869995,4484900.0,56.45355507273051
2021-07-23,171.0,172.179993,170.380005,171.789993,5014900.0,56.38811991093806
2021-07-22,169.360001,171.070007,168.649994,169.979996,5281900.0,54.88503975733493
2021-07-21,169.300003,169.690002,167.479996,169.490005,7585200.0,54.46872339305346
2021-07-20,166.899994,170.809998,166.839996,168.449997,9902800.0,53.5776684060227
2021-07-19,166.479996,168.190002,165.320007,166.880005,8219700.0,52.1935671838844
2021-07-16,168.339996,169.089996,167.949997,168.100006,5834900.0,53.40617739097804
2021-07-15,169.300003,169.899994,167.720001,168.369995,6656900.0,53.67663642502749
2021-07-14,170.0,170.830002,169.039993,170.419998,6162900.0,55.77853423758389
2021-07-13,168.970001,169.759995,168.669998,169.270004,4691200.0,54.80561237077779
2021-07-12,169.729996,171.179993,168.539993,169.479996,7840500.0,55.02224125296238
2021-07-09,169.369995,170.369995,169.240005,169.75,6120900.0,55.29765879135851
2021-07-08,168.699997,169.460007,167.580002,169.080002,5755500.0,54.74681064504381
2021-07-07,167.479996,169.5,167.479996,169.410004,6293500.0,55.074392987181994
2021-07-06,167.910004,168.860001,166.990005,167.970001,6098500.0,53.894654239326705
2021-07-02,166.020004,169.300003,165.639999,168.979996,9059900.0,54.885326597582086
2021-07-01,164.740005,166.009995,164.630005,165.960007,6320200.0,52.316938179111524
2021-06-30,164.0,164.970001,163.669998,164.740005,6151700.0,51.21745498257598
2021-06-29,164.0,164.639999,163.410004,164.029999,3749500.0,50.56737667814094
2021-06-28,164.440002,165.070007,163.520004,164.020004,5604000.0,50.55828714491311
2021-06-25,162.940002,164.779999,162.889999,164.210007,10963800.0,50.73207293660209
2021-06-24,163.270004,164.199997,162.800003,163.369995,4549200.0,49.98724875444854
2021-06-23,163.690002,163.690002,162.479996,162.630005,4493400.0,49.32588238071362
2021-06-22,163.710007,164.039993,163.279999,163.619995,5627800.0,50.19617035214584
2021-06-21,162.770004,164.259995,162.25,163.839996,6592300.0,50.38979052065384
2021-06-18,163.270004,164.190002,161.789993,161.979996,12993000.0,48.75194957992355
2021-06-17,164.190002,165.699997,163.5,165.220001,5874700.0,51.66363486889163
2021-06-16,164.800003,165.75,163.479996,164.429993,6988500.0,50.96382360635617
2021-06-15,165.229996,165.860001,164.389999,164.490005,5062900.0,51.018811864977366
2021-06-14,164.5,165.460007,163.899994,165.369995,4931300.0,51.822320466818006
2021-06-11,167.070007,167.080002,164.220001,164.960007,7389900.0,51.47337321887407
2021-06-10,166.0,167.580002,165.949997,167.080002,6463100.0,53.43459256290349
2021-06-09,163.990005,165.779999,163.660004,165.589996,5552600.0,52.17961529246725
2021-06-08,165.279999,165.660004,162.070007,163.389999,7746800.0,50.23908253202747
2021-06-07,166.0,166.320007,164.630005,164.839996,5362800.0,51.59132856479927
2021-06-04,167.009995,167.570007,165.869995,165.970001,6510300.0,52.67413484151064
2021-06-03,165.889999,167.149994,165.710007,166.039993,5808800.0,52.741327097107785
2021-06-02,165.300003,166.729996,165.110001,166.199997,6806000.0,52.89248270838866
2021-06-01,170.149994,170.199997,165.380005,165.529999,10448400.0,52.33186067456426
2021-05-28,169.520004,171.009995,169.169998,169.25,6400800.0,55.955262598939186
2021-05-27,169.259995,170.169998,168.380005,168.809998,8114700.0,55.59890858969891
2021-05-26,170.0,170.080002,168.279999,169.070007,5726400.0,55.86063848155634
2021-05-25,170.669998,171.029999,169.740005,170.080002,7444700.0,56.87994104253473
2021-05-24,170.899994,171.350006,169.770004,170.550003,5195100.0,57.357240679647376
2021-05-21,171.330002,172.740005,170.869995,170.960007,6501800.0,57.77168134395628
2021-05-20,169.940002,171.589996,169.690002,171.070007,4853200.0,57.88164410515925
2021-05-19,169.910004,170.160004,168.039993,170.080002,5533800.0,57.16248383087664
2021-05-18,169.979996,171.369995,169.529999,170.449997,5846000.0,57.52221196107843
2021-05-17,170.399994,171.889999,170.309998,170.389999,5722600.0,57.479688682797715
2021-05-14,171.479996,171.610001,170.169998,170.220001,5797700.0,57.36116550581679
2021-05-13,166.970001,170.699997,166.970001,169.960007,8018600.0,57.1822796598363
2021-05-12,168.539993,169.800003,167.949997,168.199997,6758300.0,55.956447877411314
2021-05-11,170.649994,170.869995,168.279999,168.880005,8217900.0,56.56966732989091
2021-05-10,169.899994,171.529999,169.229996,170.270004,8357500.0,57.839411395051464
2021-05-07,168.300003,169.179993,167.830002,168.5,5316200.0,56.62444735620507
2021-05-06,166.789993,167.889999,166.240005,167.740005,5529900.0,56.09201700002255
2021-05-05,167.5,168.399994,166.789993,167.070007,7792300.0,55.62138617687965
2021-05-04,164.830002,167.850006,164.669998,167.770004,10179500.0,56.238577705682715
2021-05-03,163.600006,165.320007,163.119995,165.210007,6594100.0,54.42613901272491
2021-04-30,164.149994,164.330002,162.520004,162.729996,9079100.0,52.56083708025226
2021-04-29,161.899994,164.259995,161.809998,164.199997,6394300.0,53.840913312525835
2021-04-28,162.860001,163.199997,161.649994,161.979996,7448000.0,52.11493531635511
2021-04-27,163.759995,163.910004,162.470001,163.179993,6217700.0,53.168065282878175
2021-04-26,165.210007,165.410004,163.759995,164.119995,6027800.0,54.00585555073565
2021-04-23,164.529999,166.059998,164.0,165.520004,6015300.0,55.27718617086546
2021-04-22,165.839996,166.279999,164.619995,165.179993,7233000.0,55.02520093011975
2021-04-21,166.369995,166.910004,165.289993,166.589996,6333200.0,56.31469960591618
2021-04-20,161.0,167.789993,161.0,166.479996,14050700.0,56.23628948489011
2021-04-19,162.5,163.110001,160.839996,162.690002,8353500.0,53.41287512271862
2021-04-16,161.339996,162.509995,160.559998,162.240005,9049400.0,53.060507460763986
2021-04-15,160.720001,162.389999,160.229996,160.389999,7524600.0,51.58514627330589
2021-04-14,157.830002,160.110001,157.539993,159.919998,7718300.0,51.20328796462202
2021-04-13,156.860001,159.929993,156.529999,159.479996,18424100.0,50.847615572730504
2021-04-12,161.089996,162.080002,160.339996,161.639999,5022800.0,52.69542988663437
2021-04-09,162.119995,162.929993,159.779999,161.25,8418300.0,52.38928454362928
2021-04-08,164.0,164.110001,162.850006,162.970001,5039400.0,53.89686087395518
2021-04-07,163.550003,164.279999,163.320007,163.610001,4608000.0,54.46841708334117
2021-04-06,164.080002,164.520004,163.0,163.389999,5074200.0,54.30517383194745
2021-04-05,163.639999,164.75,162.660004,163.429993,7387100.0,54.339882301947284
2021-04-01,162.600006,163.839996,162.259995,162.830002,7229700.0,53.906763099780584
2021-03-31,164.960007,165.389999,163.699997,164.350006,8281500.0,55.20690232705277
2021-03-30,165.020004,165.660004,164.229996,165.009995,7236300.0,55.77935306834925
2021-03-29,163.830002,167.029999,163.630005,166.039993,8535100.0,56.678201706907274
2021-03-26,162.089996,165.100006,161.380005,164.929993,7619200.0,55.928157304458765
2021-03-25,162.440002,162.449997,160.639999,161.970001,6269800.0,53.83961359780747
2021-03-24,160.100006,162.479996,159.820007,161.910004,6370100.0,53.79611994532173
2021-03-23,160.210007,161.199997,158.880005,160.350006,7178300.0,52.65951449501798
2021-03-22,158.309998,160.649994,158.0,160.5,7544100.0,52.78186109562239
2021-03-19,160.690002,161.5,159.470001,160.039993,14891500.0,52.4498261496962
2021-03-18,160.210007,161.490005,159.960007,160.470001,4801800.0,52.78989267100921
2021-03-17,160.830002,161.729996,159.529999,160.770004,6001400.0,53.02495077990585
2021-03-16,160.460007,161.679993,160.240005,161.369995,6369100.0,53.491778580185205
2021-03-15,159.75,160.660004,158.5,160.419998,5524100.0,52.847633784806284
2021-03-12,159.279999,160.309998,159.190002,159.600006,5474800.0,52.28866338408399
2021-03-11,159.539993,160.630005,158.919998,159.139999,6305600.0,51.97567552955571
2021-03-10,158.820007,159.899994,157.360001,159.149994,6635600.0,51.982936775497784
2021-03-09,156.889999,160.75,156.889999,157.699997,7461300.0,51.00989895640143
2021-03-08,157.0,159.330002,155.979996,157.399994,6546700.0,50.80777622849159
2021-03-05,153.979996,156.690002,153.130005,156.100006,8331600.0,49.93053386152642
2021-03-04,155.990005,156.100006,151.470001,153.070007,11033200.0,47.80442220070438
2021-03-03,158.25,158.899994,156.059998,156.220001,8499600.0,49.96605274180534
2021-03-02,159.779999,160.779999,158.600006,159.020004,7610900.0,52.01493155480133
2021-03-01,161.449997,161.529999,159.089996,159.320007,10551400.0,52.23985585402753
2021-02-26,162.0,162.410004,157.970001,158.460007,14417500.0,51.65252738830281
2021-02-25,163.130005,163.699997,161.990005,162.759995,9719700.0,54.96454734486012
2021-02-24,162.399994,164.389999,160.919998,162.589996,10286100.0,54.85238647577072
2021-02-23,161.479996,163.190002,160.399994,160.440002,7042800.0,53.41439766879188
2021-02-22,161.869995,162.539993,160.289993,161.869995,6447100.0,54.54683187104815
2021-02-19,165.600006,165.960007,162.910004,162.979996,8190900.0,55.44096242813704
2021-02-18,164.960007,166.160004,164.300003,165.740005,5189100.0,57.74759550495261
2021-02-17,164.970001,166.089996,164.360001,165.660004,6676700.0,57.697600830274176
2021-02-16,166.580002,167.050003,164.639999,165.070007,5656100.0,57.33272280343649
2021-02-12,164.399994,166.850006,164.0,166.580002,4413100.0,58.600478753117905
2021-02-11,167.0,167.380005,165.600006,166.059998,4871300.0,58.28920766741923
2021-02-10,167.889999,167.940002,165.699997,166.809998,5921300.0,58.915320144328966
2021-02-09,165.199997,166.589996,164.970001,166.270004,5544200.0,58.60155697671999
2021-02-08,165.029999,165.919998,163.880005,164.919998,6035300.0,57.812184588749744
2021-02-05,164.860001,165.440002,163.860001,164.449997,9495300.0,57.5359305132071
2021-02-04,161.0,162.089996,159.759995,161.990005,7758100.0,56.06008163009935
2021-02-03,160.940002,161.520004,159.570007,160.5,8601900.0,55.13450397958178
2021-02-02,163.380005,163.660004,161.179993,161.25,11443300.0,55.71341660231319
2021-02-01,165.309998,165.309998,162.600006,162.710007,9971400.0,56.85224132996077
2021-01-29,164.259995,166.0,160.550003,163.130005,22505900.0,57.181754618845034
2021-01-28,168.199997,170.860001,167.800003,169.160004,8944400.0,62.25894175421037
2021-01-27,169.119995,170.919998,167.449997,167.880005,14207300.0,61.54871835014693
2021-01-26,169.699997,173.649994,169.389999,170.479996,14205700.0,63.94407110234822
2021-01-25,165.009995,166.089996,163.660004,165.979996,9924400.0,61.39576144203623
2021-01-22,162.360001,165.160004,161.869995,163.550003,8137000.0,59.895786155292114
2021-01-21,161.320007,162.479996,160.059998,161.729996,6818000.0,58.7184535193584
2021-01-20,163.199997,164.139999,161.800003,162.380005,6839900.0,59.328048845448045
2021-01-19,162.0,163.039993,161.100006,162.779999,9057600.0,59.70182778673348
2021-01-15,160.300003,161.410004,159.110001,160.300003,7630800.0,58.097787398971946
2021-01-14,160.449997,161.949997,159.610001,160.649994,10030800.0,58.41938954423167
2021-01-13,158.229996,158.460007,156.75,157.889999,6643100.0,56.56108983399649
2021-01-12,159.149994,159.660004,157.330002,158.130005,6903200.0,56.77733168788346
2021-01-11,160.559998,161.320007,158.770004,159.369995,7066200.0,57.89808056604661
2021-01-08,160.509995,161.100006,159.880005,160.039993,8228900.0,58.509644965686086
2021-01-07,159.0,161.029999,158.350006,160.369995,7747200.0,58.80948842033109
2021-01-06,157.240005,160.229996,156.720001,159.830002,8230100.0,58.46818102677485
2021-01-05,156.25,158.759995,155.070007,158.339996,9602300.0,57.51626830557877
2021-01-04,157.240005,157.380005,154.130005,156.5,11765900.0,56.30424674350849
2020-12-31,156.529999,157.660004,155.110001,157.380005,5099900.0,57.067325823067634
2020-12-30,154.740005,156.380005,154.600006,156.050003,5412800.0,56.187865942810376
2020-12-29,154.110001,154.929993,153.800003,154.139999,5212000.0,54.88729200282335
2020-12-28,153.320007,153.869995,152.300003,153.190002,3855500.0,54.22494813845588
2020-12-24,151.850006,153.039993,151.820007,152.470001,2114900.0,53.72027248399737
2020-12-23,152.800003,153.600006,151.899994,151.940002,4607300.0,53.34924144197487
2020-12-22,152.399994,153.899994,151.860001,152.720001,4699500.0,53.973326390843056
2020-12-21,152.009995,153.410004,150.050003,153.020004,7893400.0,54.212366873035975
2020-12-18,153.649994,155.100006,151.669998,154.509995,17137200.0,55.40673710367835
2020-12-17,150.089996,153.889999,149.960007,153.619995,9920300.0,54.824124851928836
2020-12-16,150.199997,150.919998,149.550003,149.669998,8486100.0,52.10231540615738
2020-12-15,150.0,150.75,149.529999,150.570007,7612600.0,52.81281962226406
2020-12-14,153.25,153.479996,148.990005,149.070007,8547300.0,51.73787381793441
2020-12-11,151.529999,153.410004,151.229996,152.949997,5977400.0,54.90867435695911
2020-12-10,152.820007,152.979996,151.679993,152.25,7392900.0,54.41473172764123
2020-12-09,152.830002,153.5,151.759995,153.100006,8440100.0,55.133436380279434
2020-12-08,150.0,152.139999,149.550003,151.550003,8339800.0,54.04884277347138
2020-12-07,149.350006,149.910004,148.509995,148.970001,6634700.0,52.16247434055755
2020-12-04,149.789993,150.309998,149.270004,150.270004,6747100.0,53.2417509991186
2020-12-03,148.039993,149.580002,147.690002,149.0,7310500.0,52.296800809835204
2020-12-02,147.850006,149.710007,147.699997,148.139999,7745500.0,51.64834261133852
2020-12-01,146.289993,149.130005,145.860001,147.449997,9738200.0,51.125958204733614
2020-11-30,144.229996,144.860001,143.059998,144.679993,15663200.0,48.95637416123563
2020-11-27,144.5,144.660004,143.220001,144.0,3059000.0,48.405372606684644
2020-11-25,144.059998,144.169998,142.860001,143.679993,7594600.0,48.147227198272475
2020-11-24,144.0,144.759995,143.610001,143.869995,11034800.0,48.2878067564805
2020-11-23,146.009995,146.009995,143.039993,143.869995,7318300.0,48.2878067564805
2020-11-20,147.050003,147.940002,146.130005,146.360001,6354900.0,50.13003428265056
2020-11-19,147.300003,147.460007,145.589996,147.139999,7987700.0,50.724106668252624
2020-11-18,148.869995,149.759995,147.369995,147.369995,6661000.0,50.89840708451366
2020-11-17,150.0,150.630005,149.119995,149.350006,7297700.0,52.41803819406785
2020-11-16,150.919998,151.300003,149.800003,150.850006,6266400.0,53.60626477588759
2020-11-13,149.089996,150.410004,148.410004,149.899994,5893500.0,52.944207596075046
2020-11-12,147.610001,148.649994,146.75,148.300003,4710300.0,51.809157035168724
2020-11-11,149.169998,149.199997,146.860001,147.800003,6382400.0,51.45051159415907
2020-11-10,147.25,148.75,146.259995,148.279999,7386500.0,51.81328514002204
2020-11-09,148.429993,148.990005,144.919998,146.080002,12351600.0,50.237268983768715
2020-11-06,140.399994,143.190002,139.649994,142.25,5942500.0,47.29639327099344
2020-11-05,140.550003,141.830002,139.259995,139.759995,8016200.0,45.23429952571409
2020-11-04,139.490005,142.539993,138.699997,139.399994,10263500.0,44.92900391278891
2020-11-03,140.020004,140.960007,137.779999,138.5,6363000.0,44.1664525144055
2020-11-02,138.979996,139.009995,137.490005,138.690002,7088000.0,44.293343065690465
2020-10-30,136.679993,137.539993,133.649994,137.110001,7364100.0,42.95779873492617
2020-10-29,138.0,138.699997,136.050003,137.190002,7205400.0,43.00896389316268
2020-10-28,141.429993,141.979996,138.179993,138.360001,8426100.0,43.75590283580439
2020-10-27,143.740005,144.289993,142.919998,143.149994,4890100.0,47.03312125312375
2020-10-26,144.429993,144.770004,142.75,143.970001,6929500.0,47.631633400180775
2020-10-23,145.880005,147.470001,144.350006,145.240005,4154400.0,48.56973198325568
2020-10-22,144.160004,145.690002,143.839996,145.080002,5279700.0,48.444366422934294
2020-10-21,144.119995,145.339996,143.910004,143.929993,5221300.0,47.5437161847276
2020-10-20,144.660004,145.75,144.119995,144.550003,5325400.0,47.986634729961615
2020-10-19,148.529999,148.899994,144.130005,144.320007,7250800.0,47.809881774111304
2020-10-16,147.600006,148.759995,147.009995,148.100006,6097000.0,50.57817684815698
2020-10-15,147.479996,147.899994,146.330002,147.190002,5978600.0,49.8936904549757
2020-10-14,148.820007,149.029999,147.389999,148.100006,7706400.0,50.58020976727858
2020-10-13,149.0,150.119995,147.770004,148.360001,11057600.0,50.775829168435315
2020-10-12,151.600006,153.139999,151.020004,151.839996,7273200.0,53.48938395652127
2020-10-09,149.649994,151.479996,149.449997,150.970001,5054100.0,52.87233200078914
2020-10-08,148.5,149.850006,148.039993,148.889999,4413500.0,51.3603983888793
2020-10-07,146.490005,148.229996,145.809998,147.880005,5603100.0,50.606332734172746
2020-10-06,148.279999,148.610001,145.869995,146.259995,5118200.0,49.372574768810495
2020-10-05,147.0,148.380005,146.419998,148.229996,4992800.0,50.88733261779747
2020-10-02,146.210007,148.410004,145.830002,146.240005,5485600.0,49.34897825623798
2020-10-01,149.309998,149.649994,146.460007,147.320007,6457800.0,50.18503669431385
2020-09-30,147.449997,149.729996,146.839996,148.880005,8487700.0,51.41814269703313
2020-09-29,147.600006,147.919998,146.059998,147.059998,6768600.0,50.01387226022581
2020-09-28,146.729996,148.289993,146.419998,147.110001,5843200.0,50.05282646334829
2020-09-25,144.0,146.25,143.889999,145.660004,5531200.0,48.92226921993658
2020-09-24,144.559998,145.25,143.339996,144.669998,5614800.0,48.136784248735275
2020-09-23,147.479996,147.550003,144.380005,144.440002,8784400.0,47.954563649127444
2020-09-22,144.690002,145.350006,143.720001,144.210007,5295900.0,47.774741652970526
2020-09-21,147.580002,147.929993,142.960007,145.100006,7574500.0,48.40902557178325
2020-09-18,146.509995,149.649994,146.199997,149.179993,12174000.0,51.47957161534134
2020-09-17,148.039993,148.630005,146.050003,147.169998,5461400.0,49.94677835334316
2020-09-16,149.389999,150.059998,148.350006,148.399994,4323000.0,50.91129085789105
2020-09-15,149.449997,150.589996,148.520004,148.889999,3658800.0,51.298035228910614
2020-09-14,148.119995,149.470001,148.009995,148.350006,4375800.0,50.89518121100077
2020-09-11,147.050003,148.529999,146.630005,147.779999,3934700.0,50.47136682428955
2020-09-10,149.25,149.779999,146.520004,146.910004,6191800.0,49.82360752064895
2020-09-09,148.149994,151.100006,148.119995,149.699997,6960700.0,51.95927088235801
2020-09-08,150.25,150.889999,146.899994,147.259995,8756800.0,50.127058756071506
2020-09-04,150.169998,150.949997,147.130005,148.589996,7200100.0,51.169533351636765
2020-09-03,154.830002,155.470001,148.300003,149.550003,8672800.0,51.93352670651834
2020-09-02,150.789993,154.330002,149.25,153.830002,6881900.0,55.55777830123181
2020-09-01,153.869995,154.080002,150.070007,151.520004,6307700.0,53.854466292548054
2020-08-31,153.0,154.399994,152.259995,153.410004,6362700.0,55.561932289088666
2020-08-28,152.740005,153.699997,151.899994,153.639999,5395700.0,55.77281236443732
2020-08-27,152.419998,153.259995,151.889999,152.979996,5575400.0,55.29565510802658
2020-08-26,151.860001,152.649994,150.639999,152.300003,8008300.0,54.80331708302373
2020-08-25,152.779999,153.070007,151.539993,152.059998,3863500.0,54.63048686168932
2020-08-24,152.740005,152.899994,150.350006,152.149994,5387900.0,54.70736235108922
2020-08-21,151.779999,153.649994,150.589996,152.759995,6722800.0,55.22355354055555
2020-08-20,149.75,151.580002,149.550003,151.419998,4874700.0,54.295172549023874
2020-08-19,149.580002,151.580002,149.320007,150.389999,7816300.0,53.57001188031807
2020-08-18,149.259995,150.100006,148.570007,150.089996,4322600.0,53.35878123410672
2020-08-17,148.320007,150.229996,148.229996,148.990005,4306900.0,52.583648461866375
2020-08-14,147.610001,149.339996,147.580002,148.240005,4240200.0,52.05119431944783
2020-08-13,148.539993,149.190002,147.529999,148.0,5155500.0,51.88174139056572
2020-08-12,147.539993,150.240005,147.490005,149.660004,5257300.0,53.1550411742352
2020-08-11,149.139999,149.229996,146.369995,146.970001,6388400.0,51.25521445986123
2020-08-10,148.860001,149.009995,147.720001,148.029999,4096600.0,52.07071266115826
2020-08-07,147.509995,148.649994,147.149994,148.600006,3635100.0,52.51100026938288
2020-08-06,148.399994,149.25,146.5,147.550003,4837900.0,51.77487327329407
2020-08-05,149.100006,149.309998,147.800003,148.399994,5467500.0,52.41949121233877
2020-08-04,146.990005,147.220001,145.820007,147.220001,4162200.0,51.59966290729516
2020-08-03,146.389999,147.789993,146.149994,147.350006,4078700.0,51.6958365563942
2020-07-31,146.660004,147.449997,143.960007,145.759995,8259600.0,50.59208349906045
2020-07-30,147.440002,147.5,146.139999,146.839996,5922500.0,51.373489102598576
2020-07-29,146.389999,147.470001,146.070007,146.539993,4489100.0,51.16817231938977
2020-07-28,147.399994,147.990005,146.75,146.830002,4842200.0,51.373668557523146
2020-07-27,147.369995,148.919998,146.860001,147.179993,5675200.0,51.618847831357115
2020-07-24,150.5,150.600006,147.029999,148.119995,5405900.0,52.27550607004346
2020-07-23,150.210007,150.850006,149.279999,149.610001,6566300.0,53.329365838731015
2020-07-22,149.929993,150.410004,147.850006,150.009995,5910200.0,53.61371504267512
2020-07-21,149.600006,151.669998,149.5,149.740005,5575900.0,53.44953138280111
2020-07-20,150.229996,150.320007,148.429993,149.600006,6191500.0,53.365653092373144
2020-07-17,150.0,150.580002,148.690002,149.350006,7441100.0,53.218135372291435
2020-07-16,148.679993,149.339996,146.679993,149.25,9304700.0,53.1600499916908
2020-07-15,149.729996,150.210007,148.229996,148.259995,8512800.0,52.58895780238728
2020-07-14,145.320007,148.389999,145.259995,147.919998,7447100.0,52.39360535215355
2020-07-13,143.610001,146.639999,143.279999,145.210007,6951900.0,50.810421690446105
2020-07-10,142.75,142.869995,141.429993,142.369995,4282400.0,49.070980607480415
2020-07-09,142.759995,144.429993,140.580002,142.490005,5738600.0,49.14294557673646
2020-07-08,142.869995,143.389999,141.699997,143.270004,6257400.0,49.60632435685067
2020-07-07,141.389999,143.970001,141.229996,142.850006,5622600.0,49.354326667054245
2020-07-06,142.169998,143.770004,141.880005,142.979996,6156400.0,49.42929774591511
2020-07-02,141.25,141.839996,140.330002,140.970001,5152200.0,48.2378024159394
2020-07-01,140.690002,141.389999,140.059998,140.380005,6174800.0,47.884586951136804
2020-06-30,139.399994,141.020004,137.839996,140.630005,7738300.0,48.02066000940122
2020-06-29,138.740005,139.699997,137.979996,139.039993,5309800.0,47.08341161313335
2020-06-26,139.529999,139.600006,137.020004,137.809998,12849700.0,46.35004295862959
2020-06-25,140.570007,140.570007,137.539993,139.669998,7421200.0,47.32195933214422
2020-06-24,141.490005,142.190002,138.720001,139.820007,8211200.0,47.40051767066701
2020-06-23,143.740005,144.080002,142.679993,142.860001,5921600.0,49.01656444370106
2020-06-22,143.470001,143.660004,142.029999,143.389999,5285600.0,49.30376049648444
2020-06-19,145.789993,145.880005,143.25,143.830002,12206900.0,49.539916150547384
2020-06-18,142.520004,144.119995,141.869995,143.410004,4797400.0,49.312807225039606
2020-06-17,144.899994,145.419998,143.470001,144.020004,5100100.0,49.63074764284635
2020-06-16,144.089996,145.419998,142.770004,144.460007,7579100.0,49.85798126046896
2020-06-15,141.0,142.399994,139.389999,141.25,8649600.0,48.16108987490931
2020-06-12,142.839996,143.710007,140.279999,142.149994,8687400.0,48.61311795827742
2020-06-11,148.580002,149.169998,140.75,140.869995,11913300.0,47.93197812060498
2020-06-10,146.600006,150.029999,146.600006,147.800003,10137100.0,51.55799854079232
2020-06-09,148.25,149.330002,145.649994,145.960007,8247200.0,50.58531825348366
2020-06-08,145.880005,147.610001,145.740005,146.770004,7555600.0,51.027339934860095
2020-06-05,147.690002,149.639999,146.600006,147.300003,9725400.0,51.314867850377226
2020-06-04,146.800003,148.369995,145.580002,146.729996,8170500.0,51.02400276753534
2020-06-03,148.520004,149.139999,146.449997,148.649994,6339500.0,52.05052175304904
2020-06-02,147.059998,148.350006,146.119995,148.25,6078300.0,51.852759848989635
2020-06-01,147.289993,148.339996,146.009995,147.190002,6141800.0,51.331463503307305
2020-05-29,147.960007,149.350006,145.330002,148.75,8504000.0,52.14575007466341
2020-05-28,146.020004,148.110001,145.809998,146.970001,6189600.0,51.28156097638072
2020-05-27,144.320007,145.25,143.009995,144.889999,7950000.0,50.252769765054104
2020-05-26,146.190002,146.440002,144.300003,144.559998,7072300.0,50.088896301244
2020-05-22,144.570007,146.289993,144.059998,144.369995,6140900.0,49.99595341456304
2020-05-21,148.5,148.5,145.820007,146.710007,6487300.0,51.14545542591617
2020-05-20,149.75,150.389999,147.270004,147.679993,5713400.0,51.627659387606634
2020-05-19,150.100006,151.100006,148.399994,149.020004,6107300.0,52.29516393056465
2020-05-18,152.490005,153.619995,150.460007,150.520004,7388400.0,53.04755939465239
2020-05-15,147.869995,150.479996,145.660004,150.440002,10340400.0,53.01222438722377
2020-05-14,145.389999,147.759995,144.259995,147.639999,6871400.0,51.76721365725971
2020-05-13,146.080002,148.949997,146.009995,147.130005,6970500.0,51.53800970596108
2020-05-12,150.100006,150.339996,147.029999,147.139999,7039200.0,51.542713490080466
2020-05-11,148.449997,150.100006,148.119995,149.110001,5887500.0,52.467764532893455
2020-05-08,148.919998,149.179993,147.889999,148.699997,4712100.0,52.29313132460184
2020-05-07,149.369995,149.529999,147.130005,147.589996,5570500.0,51.82352387775058
2020-05-06,150.0,150.320007,148.039993,148.080002,6191600.0,52.045158960497766
2020-05-05,149.0,150.779999,148.639999,149.5,6562300.0,52.68505797058775
2020-05-04,148.770004,149.080002,147.089996,148.270004,7198400.0,52.18602645001283
2020-05-01,149.619995,149.669998,146.789993,148.289993,7309000.0,52.19479383942989
2020-04-30,148.460007,150.429993,147.160004,150.039993,14829600.0,52.958140572472864
2020-04-29,151.380005,151.630005,149.160004,150.240005,9285200.0,53.04503330819452
2020-04-28,151.25,153.100006,150.699997,151.389999,8558700.0,53.54002154919455
2020-04-27,154.809998,156.050003,154.0,154.289993,8924000.0,54.80385207684287
2020-04-24,155.570007,156.300003,153.639999,154.860001,8653400.0,55.05418071183797
2020-04-23,154.25,157.0,153.699997,155.509995,10665000.0,55.336647088748876
2020-04-22,152.809998,155.0,151.729996,152.990005,11515600.0,54.44868813721761
2020-04-21,150.119995,151.639999,148.570007,149.679993,9951100.0,53.252338042201615
2020-04-20,150.929993,153.0,150.089996,151.669998,12226200.0,54.08932685076605
2020-04-17,151.990005,152.300003,149.600006,152.020004,10920000.0,54.23625942847166
2020-04-16,148.309998,150.679993,146.440002,149.669998,12181700.0,53.403383205704245
2020-04-15,145.550003,147.910004,143.539993,147.660004,11962300.0,52.68154245866725
2020-04-14,145.419998,147.419998,144.050003,146.029999,13838000.0,52.09172476628875
2020-04-13,140.0,141.490005,137.839996,139.770004,8153200.0,49.733546759739525
2020-04-09,144.009995,145.419998,140.279999,141.229996,11125400.0,50.29943638632648
2020-04-08,137.75,144.130005,137.300003,143.259995,10758200.0,51.09157839271999
2020-04-07,139.860001,142.029999,137.259995,137.479996,11567100.0,48.84356869399373
2020-04-06,137.009995,140.970001,135.539993,139.759995,14994400.0,49.7271387168421
2020-04-03,132.380005,134.789993,131.580002,134.169998,10071200.0,47.44275436546667
2020-04-02,129.119995,134.0,127.220001,133.149994,11594500.0,47.0122001600819
2020-04-01,127.699997,130.229996,125.5,128.809998,12606100.0,45.13815890873899
2020-03-31,134.990005,135.710007,130.050003,131.130005,15746100.0,45.99026808479868
2020-03-30,128.460007,133.990005,127.5,133.009995,21754000.0,46.69022234745833
2020-03-27,121.650002,127.620003,120.580002,123.160004,12133200.0,42.17108957168655
2020-03-26,120.57,127.099998,120.379997,126.57,15066800.0,43.41985453741591
2020-03-25,118.910004,123.959999,116.699997,119.400002,13986100.0,39.743106557648645
2020-03-24,118.760002,119.650002,113.860001,119.18,17604800.0,39.62513164356922
2020-03-23,117.0,118.559998,109.160004,111.139999,20815200.0,35.07244758215192
2020-03-20,126.830002,127.440002,118.129997,119.889999,19785100.0,38.13983131495398
2020-03-19,134.990005,134.990005,126.150002,127.050003,18482300.0,41.01651478629397
2020-03-18,131.020004,135.669998,128.710007,134.960007,17521100.0,44.66369728618923
2020-03-17,128.550003,136.770004,127.809998,136.589996,18911800.0,45.48038671687316
2020-03-16,123.57,133.759995,122.43,127.129997,18877900.0,39.152194272688064
2020-03-13,129.320007,134.919998,124.650002,134.289993,20084200.0,42.84052131783935
2020-03-12,127.309998,133.759995,124.5,125.410004,21539200.0,35.44961155310274
2020-03-11,138.089996,138.75,131.5,131.800003,17763400.0,39.00641725035669
2020-03-10,139.970001,141.949997,134.229996,141.639999,12698100.0,45.9664225962832
2020-03-09,136.330002,139.679993,134.899994,136.440002,13848600.0,40.464928691482626
2020-03-06,138.479996,143.009995,137.410004,142.029999,12239100.0,45.326838526201755
2020-03-05,140.800003,142.679993,139.839996,142.009995,11339200.0,45.30379140471956
2020-03-04,137.679993,143.639999,137.139999,143.479996,10560500.0,46.722170673268295
2020-03-03,140.0,140.990005,133.100006,135.589996,13662500.0,36.218589564171786
2020-03-02,134.779999,140.130005,134.009995,140.020004,11508200.0,40.625601859353196
2020-02-28,135.360001,137.289993,130.820007,134.479996,19820300.0,30.219762178258776
2020-02-27,142.559998,144.770004,138.949997,139.119995,12566700.0,35.29729726988981
2020-02-26,145.350006,146.220001,143.589996,143.679993,10093800.0,42.111881759761424
2020-02-25,145.990005,146.75,143.830002,144.649994,10529000.0,43.87782451044844
2020-02-24,146.5,149.0,145.25,145.910004,10588900.0,46.352227712822064
2020-02-21,148.089996,150.240005,147.539993,149.929993,7776800.0,56.2745786342514
2020-02-20,148.610001,149.380005,147.399994,148.369995,7464700.0,52.399497877151575
2020-02-19,149.210007,149.759995,148.580002,148.940002,6115200.0,54.11685872265914
2020-02-18,150.470001,150.740005,149.059998,149.139999,7230700.0,54.73367871002105
2020-02-14,150.559998,150.639999,149.149994,150.130005,5716300.0,57.937170078565906
2020-02-13,150.160004,151.039993,149.880005,150.089996,5480200.0,57.83944158154627
2020-02-12,151.869995,152.149994,150.919998,151.089996,5166800.0,61.329737221423436
2020-02-11,152.289993,152.380005,151.539993,151.990005,3715300.0,64.77748203619771
2020-02-10,151.679993,151.910004,150.889999,151.860001,4835600.0,64.49493532500463
2020-02-07,153.339996,153.460007,151.550003,151.889999,5700300.0,64.6121401917438
2020-02-06,154.25,154.5,152.740005,153.529999,6201200.0,71.58159894074375
2020-02-05,151.720001,154.020004,151.309998,153.990005,5979900.0,73.76887609077697
2020-02-04,151.490005,152.75,151.199997,151.600006,6541400.0,68.93580974611679
2020-02-03,149.419998,150.490005,149.240005,150.169998,5765200.0,65.17322838898205
2020-01-31,149.75,150.0,148.639999,148.869995,8651700.0,60.96051508729016
2020-01-30,150.029999,150.509995,149.050003,150.360001,6470600.0,70.5454056760522
2020-01-29,149.449997,151.190002,149.130005,150.539993,6288600.0,71.88341297304292
2020-01-28,148.460007,150.570007,148.149994,149.5,7336600.0,68.50044876995881
2020-01-27,147.520004,149.460007,147.0,148.75,7587100.0,65.57298821985921
2020-01-24,148.580002,148.949997,147.929993,148.320007,9051900.0,63.676267670591514
2020-01-23,148.039993,148.770004,146.759995,148.529999,8671900.0,65.40073140875626
2020-01-22,146.699997,149.179993,146.0,148.25,10305300.0,64.1314131126341
2020-01-21,148.580002,150.169998,148.5,149.270004,9543900.0,73.7966304591385
2020-01-17,148.410004,149.410004,147.929993,149.169998,9083600.0,73.41161062460608
2020-01-16,147.419998,148.839996,146.199997,148.199997,6476000.0,69.09518444216978
2020-01-15,146.399994,147.399994,146.240005,147.009995,4960300.0,61.60036940486941
2020-01-14,145.050003,146.610001,144.729996,146.520004,7037500.0,57.43499610978452
2020-01-13,145.479996,145.789993,144.720001,145.699997,4593200.0,48.223888782335194
2020-01-10,145.75,146.179993,144.899994,145.059998,5042600.0,37.95414098776123
2020-01-09,145.759995,146.029999,144.990005,145.389999,6112700.0,42.18198979778947
2020-01-08,144.869995,145.979996,143.699997,144.960007,6605800.0,32.59393642696608
2020-01-07,144.009995,145.449997,141.380005,144.979996,7382900.0,32.84205219004988
2020-01-06,144.0,144.199997,142.850006,144.100006,7731300.0,0.0
2020-01-03,143.5,145.369995,143.0,144.279999,5752400.0,0.0
2020-01-02,145.869995,146.020004,145.080002,145.970001,5777000.0,0.0
